Timestamp,Host,Error_Type,Severity,Message
Sep 15 07:58:27,rpki-repo.canops.org,tls_handshake_failed,LOW,Sep 15 07:58:27 rpki-client: https://rpki-repo.canops.org/rrdp/notification.xml (23.140.52.8): TLS handshake: certificate verification failed: unable to get local issuer certificate
Sep 15 07:58:48,repo.kagl.me,tls_handshake_failed,HIGH,Sep 15 07:58:48 rpki-client: https://repo.kagl.me/rpki/notification.xml (104.37.40.237): TLS handshake: certificate verification failed: certificate has expired
Sep 15 07:58:27,rpki-repo.canops.org,fallback_to_rsync,LOW,"Sep 15 07:58:27 rpki-client: https://rpki-repo.canops.org/rrdp/notification.xml: load from network failed, fallback to rsync"
Sep 15 07:58:35,oto.wakuwaku.ne.jp,fallback_to_rsync,LOW,"Sep 15 07:58:35 rpki-client: https://oto.wakuwaku.ne.jp/pki/oshirase.xml: load from network failed, fallback to rsync"
Sep 15 07:58:45,rpki.netiface.net,fallback_to_rsync,LOW,"Sep 15 07:58:45 rpki-client: https://rpki.netiface.net/rrdp/notification.xml: load from network failed, fallback to rsync"
Sep 15 07:58:47,rpki.leitecastro.com,fallback_to_rsync,LOW,"Sep 15 07:58:47 rpki-client: https://rpki.leitecastro.com/notification.xml: load from network failed, fallback to rsync"
Sep 15 07:58:48,repo.kagl.me,fallback_to_rsync,LOW,"Sep 15 07:58:48 rpki-client: https://repo.kagl.me/rpki/notification.xml: load from network failed, fallback to rsync"
Sep 15 07:58:54,rpki.0i1.eu,fallback_to_rsync,LOW,"Sep 15 07:58:54 rpki-client: https://rpki.0i1.eu/rrdp/notification.xml: load from network failed, fallback to rsync"
Sep 15 08:05:39,sakuya.nat.moe,fallback_to_rsync,LOW,"Sep 15 08:05:39 rpki-client: https://sakuya.nat.moe/rrdp/notification.xml: load from network failed, fallback to rsync"
Sep 15 08:06:05,krill.rpki-measurement.site,fallback_to_rsync,LOW,"Sep 15 08:06:05 rpki-client: https://krill.rpki-measurement.site/rrdp/notification.xml: load from network failed, fallback to rsync"
Sep 15 07:58:35,oto.wakuwaku.ne.jp,dns_resolution_failed,LOW,Sep 15 07:58:35 rpki-client: oto.wakuwaku.ne.jp: no address associated with name
Sep 15 07:58:35,oto.wakuwaku.ne.jp,dns_resolution_failed,LOW,Sep 15 07:58:35 openrsync: error: getaddrinfo: oto.wakuwaku.ne.jp: no address associated with name
Sep 15 07:58:45,rpki.netiface.net,dns_resolution_failed,LOW,Sep 15 07:58:45 rpki-client: rpki.netiface.net: no address associated with name
Sep 15 07:58:45,rpki.netiface.net,dns_resolution_failed,LOW,Sep 15 07:58:45 openrsync: error: getaddrinfo: rpki.netiface.net: no address associated with name
Sep 15 07:55:40,rsync.rpki.tianhai.link,dns_resolution_failed,LOW,Sep 15 07:55:40 openrsync: error: getaddrinfo: rsync.rpki.tianhai.link: no address associated with name
Sep 15 07:59:47,rpki.netiface.net,dns_resolution_failed,LOW,Sep 15 07:59:47 openrsync: error: getaddrinfo: rpki.netiface.net: no address associated with name
Sep 15 08:00:11,oto.wakuwaku.ne.jp,dns_resolution_failed,LOW,Sep 15 08:00:11 openrsync: error: getaddrinfo: oto.wakuwaku.ne.jp: no address associated with name
Sep 15 07:58:35,oto.wakuwaku.ne.jp,fallback_to_cache,LOW,"Sep 15 07:58:35 rpki-client: .rsync/oto.wakuwaku.ne.jp/pki: load from network failed, fallback to cache"
Sep 15 07:58:45,rpki.netiface.net,fallback_to_cache,LOW,"Sep 15 07:58:45 rpki-client: .rsync/rpki.netiface.net/repo: load from network failed, fallback to cache"
Sep 15 07:58:54,rpki.0i1.eu,fallback_to_cache,LOW,"Sep 15 07:58:54 rpki-client: .rsync/rpki.0i1.eu/repo: load from network failed, fallback to cache"
Sep 15 07:59:04,rpki.leitecastro.com,fallback_to_cache,LOW,"Sep 15 07:59:04 rpki-client: .rsync/rpki.leitecastro.com/repo: load from network failed, fallback to cache"
Sep 15 08:06:05,krill.rpki-measurement.site,fallback_to_cache,LOW,"Sep 15 08:06:05 rpki-client: .rsync/krill.rpki-measurement.site/repo: load from network failed, fallback to cache"
Sep 15 08:06:17,sakuya.nat.moe,fallback_to_cache,LOW,"Sep 15 08:06:17 rpki-client: .rsync/sakuya.nat.moe/repo: load from network failed, fallback to cache"
Sep 15 07:55:40,rsync.rpki.tianhai.link,fallback_to_cache,LOW,"Sep 15 07:55:40 rpki-client: .rsync/rsync.rpki.tianhai.link/repo: load from network failed, fallback to cache"
Sep 15 07:55:42,rpki.admin.freerangecloud.com,fallback_to_cache,LOW,"Sep 15 07:55:42 rpki-client: .rsync/rpki.admin.freerangecloud.com/repo: load from network failed, fallback to cache"
Sep 15 07:55:49,krill.rpki-measurement.site,fallback_to_cache,LOW,"Sep 15 07:55:49 rpki-client: .rsync/krill.rpki-measurement.site/repo: load from network failed, fallback to cache"
Sep 15 07:56:11,sakuya.nat.moe,fallback_to_cache,LOW,"Sep 15 07:56:11 rpki-client: .rsync/sakuya.nat.moe/repo: load from network failed, fallback to cache"
Sep 15 07:59:47,rpki.netiface.net,fallback_to_cache,LOW,"Sep 15 07:59:47 rpki-client: .rsync/rpki.netiface.net/repo: load from network failed, fallback to cache"
Sep 15 07:59:48,rpki.0i1.eu,fallback_to_cache,LOW,"Sep 15 07:59:48 rpki-client: .rsync/rpki.0i1.eu/repo: load from network failed, fallback to cache"
Sep 15 07:59:50,rpki.zappiehost.com,fallback_to_cache,LOW,"Sep 15 07:59:50 rpki-client: .rsync/rpki.zappiehost.com/repo: load from network failed, fallback to cache"
Sep 15 07:59:51,rpki-rsync.warpnet.xyz,fallback_to_cache,LOW,"Sep 15 07:59:51 rpki-client: .rsync/rpki-rsync.warpnet.xyz/repo: load from network failed, fallback to cache"
Sep 15 07:59:55,krill.signalx.cloud,fallback_to_cache,LOW,"Sep 15 07:59:55 rpki-client: .rsync/krill.signalx.cloud/repo: load from network failed, fallback to cache"
Sep 15 08:00:11,oto.wakuwaku.ne.jp,fallback_to_cache,LOW,"Sep 15 08:00:11 rpki-client: .rsync/oto.wakuwaku.ne.jp/pki: load from network failed, fallback to cache"
Sep 15 08:00:18,repo.rpki.space,fallback_to_cache,LOW,"Sep 15 08:00:18 rpki-client: .rsync/repo.rpki.space/repo: load from network failed, fallback to cache"
Sep 15 08:00:30,krill.ca-bc-01.ssmidge.xyz,fallback_to_cache,LOW,"Sep 15 08:00:30 rpki-client: .rsync/krill.ca-bc-01.ssmidge.xyz/repo: load from network failed, fallback to cache"
Sep 15 08:00:36,rpki.leitecastro.com,fallback_to_cache,LOW,"Sep 15 08:00:36 rpki-client: .rsync/rpki.leitecastro.com/repo: load from network failed, fallback to cache"
Sep 15 08:02:00,krill.rg.net,fallback_to_cache,LOW,"Sep 15 08:02:00 rpki-client: .rsync/krill.rg.net/repo: load from network failed, fallback to cache"
Sep 15 08:02:33,rpki.fengrui.link,fallback_to_cache,LOW,"Sep 15 08:02:33 rpki-client: .rsync/rpki.fengrui.link/repo: load from network failed, fallback to cache"
Sep 15 08:07:03,rpki.sailx.co,fallback_to_cache,LOW,"Sep 15 08:07:03 rpki-client: .rsync/rpki.sailx.co/repo: load from network failed, fallback to cache"
Sep 15 07:58:40,pub.krill.ausra.cloud,notification_not_modified,LOW,Sep 15 07:58:40 rpki-client: https://pub.krill.ausra.cloud/rrdp/notification.xml: notification file not modified since Wed 03 Sep 2025 01:23:15 +0000
Sep 15 07:58:42,rpki.zappiehost.com,notification_not_modified,LOW,Sep 15 07:58:42 rpki-client: https://rpki.zappiehost.com/rrdp/notification.xml: notification file not modified since Wed 03 Sep 2025 01:23:15 +0000
Sep 15 07:58:46,rpki-01.pdxnet.uk,notification_not_modified,LOW,Sep 15 07:58:46 rpki-client: https://rpki-01.pdxnet.uk/rrdp/notification.xml: notification file not modified since Thu 11 Sep 2025 00:49:40 +0000
Sep 15 07:58:49,rpki.folf.systems,notification_not_modified,LOW,Sep 15 07:58:49 rpki-client: https://rpki.folf.systems/rrdp/notification.xml: notification file not modified since Wed 03 Sep 2025 01:23:20 +0000
Sep 15 07:58:57,rpki-pp.com,notification_not_modified,LOW,Sep 15 07:58:57 rpki-client: https://rpki-pp.com/rrdp/notification.xml: notification file not modified since Sat 13 Sep 2025 16:43:52 +0000
Sep 15 07:59:04,repodepot.wildtky.com,notification_not_modified,LOW,Sep 15 07:59:04 rpki-client: https://repodepot.wildtky.com/rrdp/notification.xml: notification file not modified since Thu 11 Sep 2025 20:52:11 +0000
Sep 15 08:01:13,rpki.tools.westconnect.ca,notification_not_modified,LOW,Sep 15 08:01:13 rpki-client: https://rpki.tools.westconnect.ca/rrdp/notification.xml: notification file not modified since Sat 06 Sep 2025 01:26:47 +0000
Sep 15 08:03:26,rpki.qs.nu,notification_not_modified,LOW,Sep 15 08:03:26 rpki-client: https://rpki.qs.nu/rrdp/notification.xml: notification file not modified since Sat 13 Sep 2025 11:49:35 +0000
Sep 15 07:58:47,rpki.leitecastro.com,connection_timeout,LOW,Sep 15 07:58:47 rpki-client: https://rpki.leitecastro.com/notification.xml (23.147.168.5): connect timeout
Sep 15 07:59:04,rpki.leitecastro.com,connection_timeout,LOW,"Sep 15 07:59:04 openrsync: warning: connect timeout: 23.147.168.5, rpki.leitecastro.com"
Sep 15 08:05:39,sakuya.nat.moe,connection_timeout,LOW,Sep 15 08:05:39 rpki-client: https://sakuya.nat.moe/rrdp/notification.xml (141.193.21.22): connect timeout
Sep 15 08:00:02,repo.rpki.space,connection_timeout,LOW,"Sep 15 08:00:02 openrsync: warning: connect timeout: 188.114.97.0, repo.rpki.space"
Sep 15 08:00:17,repo.rpki.space,connection_timeout,LOW,"Sep 15 08:00:17 openrsync: warning: connect timeout: 188.114.96.0, repo.rpki.space"
Sep 15 08:00:30,krill.ca-bc-01.ssmidge.xyz,connection_timeout,LOW,"Sep 15 08:00:30 openrsync: warning: connect timeout: 170.39.49.51, krill.ca-bc-01.ssmidge.xyz"
Sep 15 08:00:36,rpki.leitecastro.com,connection_timeout,LOW,"Sep 15 08:00:36 openrsync: warning: connect timeout: 23.147.168.5, rpki.leitecastro.com"
Sep 15 08:02:18,rpki.fengrui.link,connection_timeout,LOW,"Sep 15 08:02:18 openrsync: warning: connect timeout: 188.114.97.0, rpki.fengrui.link"
Sep 15 08:02:33,rpki.fengrui.link,connection_timeout,LOW,"Sep 15 08:02:33 openrsync: warning: connect timeout: 188.114.96.0, rpki.fengrui.link"
Sep 15 08:07:03,rpki.sailx.co,connection_timeout,LOW,"Sep 15 08:07:03 openrsync: warning: connect timeout: 208.82.103.214, rpki.sailx.co"
Sep 15 07:58:47,rpki.leitecastro.com,no_route_to_host,LOW,Sep 15 07:58:47 rpki-client: https://rpki.leitecastro.com/notification.xml (2602:faa5:130::5): connect: No route to host
Sep 15 07:58:54,rpki.0i1.eu,no_route_to_host,LOW,Sep 15 07:58:54 rpki-client: https://rpki.0i1.eu/rrdp/notification.xml (2a03:4000:20:b7::106): connect: No route to host
Sep 15 08:05:39,sakuya.nat.moe,no_route_to_host,LOW,Sep 15 08:05:39 rpki-client: https://sakuya.nat.moe/rrdp/notification.xml (2602:feda:4:dead:216:3eff:fec7:efab): connect: No route to host
Sep 15 07:58:48,repo.kagl.me,cert_expired,HIGH,Sep 15 07:58:48 rpki-client: https://repo.kagl.me/rpki/notification.xml (104.37.40.237): TLS handshake: certificate verification failed: certificate has expired
Sep 15 08:03:10,rpki-repo.as207960.net,cert_expired,HIGH,Sep 15 08:03:10 rpki-client: rpki-repo.as207960.net/repo/rpki_ca_d0f2db99fe1d4b36b9301c821220fe3a/1/83027A47466EFA0ED200A7CA6EE9CF229F431C1B.cer: certificate has expired
Sep 15 08:03:40,rsync.paas.rpki.ripe.net,cert_expired,HIGH,Sep 15 08:03:40 rpki-client: rsync.paas.rpki.ripe.net/repository/1a3bb93f-98a4-4c7e-a0e1-8057a4f086c9/0/2AFACA7F316DBE0CFF394F9D5952E52992F185F1.cer: certificate has expired
Sep 15 08:03:48,rsync.paas.rpki.ripe.net,cert_expired,HIGH,Sep 15 08:03:48 rpki-client: rsync.paas.rpki.ripe.net/repository/e30de84b-400a-4fd1-ab8a-e7616e245b49/0/5EB2E5DAD0C6996D0A80A7B90F3A2AA60FB1A7AC.cer: certificate has expired
Sep 15 08:04:00,rsync.paas.rpki.ripe.net,cert_expired,HIGH,Sep 15 08:04:00 rpki-client: rsync.paas.rpki.ripe.net/repository/69bbfdcf-35cd-4524-8ffa-3005b0b69a29/0/58E92F2C3859C2D0EF322A871688CB22928E2F3E.cer: certificate has expired
Sep 15 08:04:06,rsync.paas.rpki.ripe.net,cert_expired,HIGH,Sep 15 08:04:06 rpki-client: rsync.paas.rpki.ripe.net/repository/89270f6c-a3fe-4299-b079-309ed97f3824/0/AB1340E329CCD96287934FA706670D31B73C04E8.cer: certificate has expired
Sep 15 08:04:12,rsync.paas.rpki.ripe.net,cert_expired,HIGH,Sep 15 08:04:12 rpki-client: rsync.paas.rpki.ripe.net/repository/84d51810-1987-4701-8f1f-8425111964f4/0/76423146648CF6AC626CCD0654C5B50EBEA94787.cer: certificate has expired
Sep 15 08:04:13,rsync.paas.rpki.ripe.net,cert_expired,HIGH,Sep 15 08:04:13 rpki-client: rsync.paas.rpki.ripe.net/repository/84d51810-1987-4701-8f1f-8425111964f4/0/CC2B47BFD397E66019550C83BF1B56353173A0CB.cer: certificate has expired
Sep 15 08:04:13,rsync.paas.rpki.ripe.net,cert_expired,HIGH,Sep 15 08:04:13 rpki-client: rsync.paas.rpki.ripe.net/repository/84d51810-1987-4701-8f1f-8425111964f4/0/FBDF5C81A0D6F79C3DFB8B4EDF2966F352606027.cer: certificate has expired
Sep 15 08:04:30,rsync.paas.rpki.ripe.net,cert_expired,HIGH,Sep 15 08:04:30 rpki-client: rsync.paas.rpki.ripe.net/repository/1bf8e977-7278-46cf-abd1-99cd1fd2be4e/1/698CBB9E641A60FE66E1B58C92ACD281637ED767.cer: certificate has expired
Sep 15 08:04:48,krill.accuristechnologies.ca,cert_expired,HIGH,Sep 15 08:04:48 rpki-client: krill.accuristechnologies.ca/repo/Accuris-Technologies/0/8A15107195E63966ABA1997AD31382979C75F736.cer: certificate has expired
Sep 15 08:04:48,rpki-rps.arin.net,cert_expired,HIGH,Sep 15 08:04:48 rpki-client: rpki-rps.arin.net/repository/8a848adf850d063e0185755c91be3f9d/1/67DAC6BFE8CF4F99CC7DE476F2D7C11DD253702A.cer: certificate has expired
Sep 15 08:04:49,cloudie-repo.rpki.app,cert_expired,HIGH,Sep 15 08:04:49 rpki-client: cloudie-repo.rpki.app/repo/CLOUDIE-RPKI/2/EF426F94C58940B7071B544A524D3C9EA3456B00.cer: certificate has expired
Sep 15 08:04:58,rpki.afrinic.net,cert_expired,HIGH,Sep 15 08:04:58 rpki-client: rpki.afrinic.net/repository/member_repository/F368F2D0/7F4A98EA6E0511E89C0D6E4BF8AEA228/E7D0CBD2781B11F08003B2BADAE4EC9C.roa: certificate has expired
Sep 15 08:05:05,rpki.afrinic.net,cert_expired,HIGH,Sep 15 08:05:05 rpki-client: rpki.afrinic.net/repository/member_repository/F368F2D0/92F86E1C6E0511E8A1B5854BF8AEA228/7620347874CA11EF958D65B3762E951A.roa: certificate has expired
Sep 15 08:05:08,rpki.afrinic.net,cert_expired,HIGH,Sep 15 08:05:08 rpki-client: rpki.afrinic.net/repository/member_repository/F368F2D0/92F86E1C6E0511E8A1B5854BF8AEA228/494BA388726D11EF9E1FEA6B762E951A.roa: certificate has expired
Sep 15 08:05:20,rpki-repo.as207960.net,cert_expired,HIGH,Sep 15 08:05:20 rpki-client: rpki-repo.as207960.net/repo/rpki_ca_d0f2db99fe1d4b36b9301c821220fe3a/0/E42882C5C372E03CCD5EA87BB1B6FFEF1FF1BFF5.cer: certificate has expired
Sep 15 07:57:01,rpki.afrinic.net,cert_expired,HIGH,Sep 15 07:57:01 rpki-client: rpki.afrinic.net/repository/member_repository/F368F2D0/92F86E1C6E0511E8A1B5854BF8AEA228/494BA388726D11EF9E1FEA6B762E951A.roa: certificate has expired
Sep 15 07:57:01,rpki.afrinic.net,cert_expired,HIGH,Sep 15 07:57:01 rpki-client: rpki.afrinic.net/repository/member_repository/F368F2D0/92F86E1C6E0511E8A1B5854BF8AEA228/6587529071A011EFA13E4666762E951A.roa: certificate has expired
Sep 15 07:57:03,rpki.afrinic.net,cert_expired,HIGH,Sep 15 07:57:03 rpki-client: rpki.afrinic.net/repository/member_repository/F368F2D0/92F86E1C6E0511E8A1B5854BF8AEA228/B707D8B873FA11EFAD73B59B762E951A.roa: certificate has expired
Sep 15 08:01:27,rsync.paas.rpki.ripe.net,cert_expired,HIGH,Sep 15 08:01:27 rpki-client: rsync.paas.rpki.ripe.net/repository/69bbfdcf-35cd-4524-8ffa-3005b0b69a29/0/58E92F2C3859C2D0EF322A871688CB22928E2F3E.cer: certificate has expired
Sep 15 08:01:30,rsync.paas.rpki.ripe.net,cert_expired,HIGH,Sep 15 08:01:30 rpki-client: rsync.paas.rpki.ripe.net/repository/e30de84b-400a-4fd1-ab8a-e7616e245b49/0/5EB2E5DAD0C6996D0A80A7B90F3A2AA60FB1A7AC.cer: certificate has expired
Sep 15 08:01:31,rsync.paas.rpki.ripe.net,cert_expired,HIGH,Sep 15 08:01:31 rpki-client: rsync.paas.rpki.ripe.net/repository/1a3bb93f-98a4-4c7e-a0e1-8057a4f086c9/0/2AFACA7F316DBE0CFF394F9D5952E52992F185F1.cer: certificate has expired
Sep 15 08:01:34,rsync.paas.rpki.ripe.net,cert_expired,HIGH,Sep 15 08:01:34 rpki-client: rsync.paas.rpki.ripe.net/repository/1bf8e977-7278-46cf-abd1-99cd1fd2be4e/1/698CBB9E641A60FE66E1B58C92ACD281637ED767.cer: certificate has expired
Sep 15 08:01:45,rpki-repo.as207960.net,cert_expired,HIGH,Sep 15 08:01:45 rpki-client: rpki-repo.as207960.net/repo/rpki_ca_d0f2db99fe1d4b36b9301c821220fe3a/1/83027A47466EFA0ED200A7CA6EE9CF229F431C1B.cer: certificate has expired
Sep 15 08:01:45,rsync.paas.rpki.ripe.net,cert_expired,HIGH,Sep 15 08:01:45 rpki-client: rsync.paas.rpki.ripe.net/repository/84d51810-1987-4701-8f1f-8425111964f4/0/FBDF5C81A0D6F79C3DFB8B4EDF2966F352606027.cer: certificate has expired
Sep 15 08:01:45,rsync.paas.rpki.ripe.net,cert_expired,HIGH,Sep 15 08:01:45 rpki-client: rsync.paas.rpki.ripe.net/repository/84d51810-1987-4701-8f1f-8425111964f4/0/76423146648CF6AC626CCD0654C5B50EBEA94787.cer: certificate has expired
Sep 15 08:01:45,rsync.paas.rpki.ripe.net,cert_expired,HIGH,Sep 15 08:01:45 rpki-client: rsync.paas.rpki.ripe.net/repository/84d51810-1987-4701-8f1f-8425111964f4/0/CC2B47BFD397E66019550C83BF1B56353173A0CB.cer: certificate has expired
Sep 15 08:01:54,rsync.paas.rpki.ripe.net,cert_expired,HIGH,Sep 15 08:01:54 rpki-client: rsync.paas.rpki.ripe.net/repository/89270f6c-a3fe-4299-b079-309ed97f3824/0/AB1340E329CCD96287934FA706670D31B73C04E8.cer: certificate has expired
Sep 15 08:02:03,rpki-repo.as207960.net,cert_expired,HIGH,Sep 15 08:02:03 rpki-client: rpki-repo.as207960.net/repo/rpki_ca_d0f2db99fe1d4b36b9301c821220fe3a/0/E42882C5C372E03CCD5EA87BB1B6FFEF1FF1BFF5.cer: certificate has expired
Sep 15 08:07:57,cloudie-repo.rpki.app,cert_expired,HIGH,Sep 15 08:07:57 rpki-client: cloudie-repo.rpki.app/repo/CLOUDIE-RPKI/2/EF426F94C58940B7071B544A524D3C9EA3456B00.cer: certificate has expired
Sep 15 08:07:59,rpki-rps.arin.net,cert_expired,HIGH,Sep 15 08:07:59 rpki-client: rpki-rps.arin.net/repository/8a848adf850d063e0185755c91be3f9d/1/67DAC6BFE8CF4F99CC7DE476F2D7C11DD253702A.cer: certificate has expired
Sep 15 08:07:59,krill.accuristechnologies.ca,cert_expired,HIGH,Sep 15 08:07:59 rpki-client: krill.accuristechnologies.ca/repo/Accuris-Technologies/0/8A15107195E63966ABA1997AD31382979C75F736.cer: certificate has expired
Sep 15 07:58:54,rpki.0i1.eu,connection_refused,LOW,"Sep 15 07:58:54 openrsync: warning: connect refused: 2a03:4000:20:b7::106, rpki.0i1.eu"
Sep 15 07:59:04,rpki.leitecastro.com,connection_refused,LOW,"Sep 15 07:59:04 openrsync: warning: connect refused: 2602:faa5:130::5, rpki.leitecastro.com"
Sep 15 07:59:48,rpki.0i1.eu,connection_refused,LOW,"Sep 15 07:59:48 openrsync: warning: connect refused: 2a03:4000:20:b7::106, rpki.0i1.eu"
Sep 15 07:59:50,rpki.zappiehost.com,connection_refused,LOW,"Sep 15 07:59:50 openrsync: warning: connect refused: 95.211.63.25, rpki.zappiehost.com"
Sep 15 07:59:50,rpki.zappiehost.com,connection_refused,LOW,"Sep 15 07:59:50 openrsync: warning: connect refused: 2a0e:97c0:a43::301, rpki.zappiehost.com"
Sep 15 07:59:51,rpki-rsync.warpnet.xyz,connection_refused,LOW,"Sep 15 07:59:51 openrsync: warning: connect refused: 2001:67c:34::ff:fe02:11, rpki-rsync.warpnet.xyz"
Sep 15 07:59:55,krill.signalx.cloud,connection_refused,LOW,"Sep 15 07:59:55 openrsync: warning: connect refused: 82.26.113.7, krill.signalx.cloud"
Sep 15 07:59:55,krill.signalx.cloud,connection_refused,LOW,"Sep 15 07:59:55 openrsync: warning: connect refused: 2a11:29c0:3d92::3, krill.signalx.cloud"
Sep 15 08:00:17,repo.rpki.space,connection_refused,LOW,"Sep 15 08:00:17 openrsync: warning: connect refused: 2a06:98c1:3121::, repo.rpki.space"
Sep 15 08:00:17,repo.rpki.space,connection_refused,LOW,"Sep 15 08:00:17 openrsync: warning: connect refused: 2a06:98c1:3120::, repo.rpki.space"
Sep 15 08:00:36,rpki.leitecastro.com,connection_refused,LOW,"Sep 15 08:00:36 openrsync: warning: connect refused: 2602:faa5:130::5, rpki.leitecastro.com"
Sep 15 08:02:00,krill.rg.net,connection_refused,LOW,"Sep 15 08:02:00 openrsync: warning: connect refused: 198.180.152.62, krill.rg.net"
Sep 15 08:02:00,krill.rg.net,connection_refused,LOW,"Sep 15 08:02:00 openrsync: warning: connect refused: 2001:418:3807::62, krill.rg.net"
Sep 15 08:02:33,rpki.fengrui.link,connection_refused,LOW,"Sep 15 08:02:33 openrsync: warning: connect refused: 2a06:98c1:3121::, rpki.fengrui.link"
Sep 15 08:02:33,rpki.fengrui.link,connection_refused,LOW,"Sep 15 08:02:33 openrsync: warning: connect refused: 2a06:98c1:3120::, rpki.fengrui.link"
Sep 15 08:01:39,rpki-rps.arin.net,crl_expired,MEDIUM,Sep 15 08:01:39 rpki-client: rpki-rps.arin.net/repository/8a848ade91fb43b4019288462c3804e6/0/389874291F32B753C52179673ADD5AD10FCB863D.mft: CRL has expired
Sep 15 08:01:42,rsync.paas.rpki.ripe.net,crl_expired,MEDIUM,Sep 15 08:01:42 rpki-client: rsync.paas.rpki.ripe.net/repository/fa1b8677-ea6b-4043-907d-59f4675f2977/0/C3A70AD7F32685733597C663E02CE28A3306F923.mft: CRL has expired
Sep 15 08:01:43,rsync.paas.rpki.ripe.net,crl_expired,MEDIUM,Sep 15 08:01:43 rpki-client: rsync.paas.rpki.ripe.net/repository/330c7f5c-faae-4354-b920-e20bd0425bb9/0/2E1EDE80640C9F484F75DD39C13ED6C70E074A03.mft: CRL has expired
Sep 15 08:01:43,rsync.paas.rpki.ripe.net,crl_expired,MEDIUM,Sep 15 08:01:43 rpki-client: rsync.paas.rpki.ripe.net/repository/2feab205-d14b-4a2a-a38a-6be9ee483ace/0/EC6C7177521BD791A07FA0AA12E710B684F06985.mft: CRL has expired
Sep 15 08:01:46,rsync.paas.rpki.ripe.net,crl_expired,MEDIUM,Sep 15 08:01:46 rpki-client: rsync.paas.rpki.ripe.net/repository/8d5cd14e-5f63-4f1c-94e3-27050c266480/0/0CDB32D6253FBAFE07378A1A30946A73AEC7E3D4.mft: CRL has expired
Sep 15 08:01:50,pub.krill.ausra.cloud,crl_expired,MEDIUM,Sep 15 08:01:50 rpki-client: pub.krill.ausra.cloud/repo/Ausra-Systems-Internal-CA/0/B32E3E3753E1C34EB8EC09DDA363F06C67B7DB8A.mft: CRL has expired
Sep 15 08:01:51,rsync.paas.rpki.ripe.net,crl_expired,MEDIUM,Sep 15 08:01:51 rpki-client: rsync.paas.rpki.ripe.net/repository/80a6dc53-b20d-453a-b7e5-3e06ef42bd26/0/B1D3049AB90B73314F2ADFCAD639336D9320B35E.mft: CRL has expired
Sep 15 08:01:51,rsync.paas.rpki.ripe.net,crl_expired,MEDIUM,Sep 15 08:01:51 rpki-client: rsync.paas.rpki.ripe.net/repository/24db6e0e-696c-4f89-8d48-274559700af5/1/A9DD9F6B65491D90C4E19E9C960252466C2C9D12.mft: CRL has expired
Sep 15 08:01:51,rsync.paas.rpki.ripe.net,crl_expired,MEDIUM,Sep 15 08:01:51 rpki-client: rsync.paas.rpki.ripe.net/repository/3c8e4e11-3aca-4305-acd4-f05e6c909115/0/B8288EA9E3D67DC3D38FA775181C4B2C87729BDF.mft: CRL has expired
Sep 15 08:01:51,rsync.paas.rpki.ripe.net,crl_expired,MEDIUM,Sep 15 08:01:51 rpki-client: rsync.paas.rpki.ripe.net/repository/c5592a54-4035-4970-86dc-3d1803b7b60f/0/945031CB22A35CDB6CE579CB70270EA7B3A89A27.mft: CRL has expired
Sep 15 08:01:52,rsync.paas.rpki.ripe.net,crl_expired,MEDIUM,Sep 15 08:01:52 rpki-client: rsync.paas.rpki.ripe.net/repository/c99265ef-22a9-4100-a23d-51a9d9feeb7d/0/D93EF0701E8CA6ED0A0E6D46A38B8D8CF3091285.mft: CRL has expired
Sep 15 08:01:52,rsync.paas.rpki.ripe.net,crl_expired,MEDIUM,Sep 15 08:01:52 rpki-client: rsync.paas.rpki.ripe.net/repository/d88b854e-092c-4d79-ac06-af380b08d12b/2/FD7A8C110A628469378572A2918653F6F8D726D2.mft: CRL has expired
Sep 15 08:01:54,rpki.zappiehost.com,crl_expired,MEDIUM,Sep 15 08:01:54 rpki-client: rpki.zappiehost.com/repo/TERITUM_UID_18858/1/91EFE7B33A66C7FDBB711F76D87E9353E530425B.mft: CRL has expired
Sep 15 08:01:54,rsync.paas.rpki.ripe.net,crl_expired,MEDIUM,Sep 15 08:01:54 rpki-client: rsync.paas.rpki.ripe.net/repository/4e650b54-abc4-4418-aeb6-088a50d1d5f1/1/D7B42D8A567C7905A57C26B0BBACEA84833B5998.mft: CRL has expired
Sep 15 08:01:55,rsync.paas.rpki.ripe.net,crl_expired,MEDIUM,Sep 15 08:01:55 rpki-client: rsync.paas.rpki.ripe.net/repository/98826bce-854a-48c6-86af-93cf28393576/0/ADAA2DF4F9F7F1B10330C3AB0CE4598D59DFFDA0.mft: CRL has expired
Sep 15 08:01:57,rsync.paas.rpki.ripe.net,crl_expired,MEDIUM,Sep 15 08:01:57 rpki-client: rsync.paas.rpki.ripe.net/repository/140d7b73-de43-4336-8509-30a22dd398f5/0/5C7262A955ADA62839313DB8EDCA355BFB981427.mft: CRL has expired
Sep 15 08:01:57,rsync.paas.rpki.ripe.net,crl_expired,MEDIUM,Sep 15 08:01:57 rpki-client: rsync.paas.rpki.ripe.net/repository/b64c075f-eb10-4426-bb40-3a833fe0f9fb/1/7DDB99F73E7B582C352890E3AD5785D3679F8891.mft: CRL has expired
Sep 15 08:01:58,rsync.paas.rpki.ripe.net,crl_expired,MEDIUM,Sep 15 08:01:58 rpki-client: rsync.paas.rpki.ripe.net/repository/4bfa7a9f-28d3-45b0-a839-a57519ecaeae/0/C3F4E167A6B1633379B9981D8A565B7AFB81DC90.mft: CRL has expired
Sep 15 08:02:00,rsync.paas.rpki.ripe.net,crl_expired,MEDIUM,Sep 15 08:02:00 rpki-client: rsync.paas.rpki.ripe.net/repository/9af6c38e-8050-483d-a2cb-a61c9e2aa468/0/6827F6047A800EBE4B0DC6299C084EF05E0AAADE.mft: CRL has expired
Sep 15 08:02:01,rsync.rpki.tianhai.link,crl_expired,MEDIUM,Sep 15 08:02:01 rpki-client: rsync.rpki.tianhai.link/repo/TianhaiRpki/1/911E180145E68F7315DA3AB2200D186671FFE75B.mft: CRL has expired
Sep 15 08:02:03,rsync.paas.rpki.ripe.net,crl_expired,MEDIUM,Sep 15 08:02:03 rpki-client: rsync.paas.rpki.ripe.net/repository/ad0eb3cf-9a1b-4112-a607-ae98c2ab12a7/0/52F4CAA87D081FC25DDF117BE8A9FE990AA120BC.mft: CRL has expired
Sep 15 08:02:04,rsync.paas.rpki.ripe.net,crl_expired,MEDIUM,Sep 15 08:02:04 rpki-client: rsync.paas.rpki.ripe.net/repository/137bbed0-a12b-417b-a973-567f41a320d1/0/6F8A258586E22F8D1942882B7F8B9C2CE885D805.mft: CRL has expired
Sep 15 08:02:06,rpki-01.pdxnet.uk,crl_expired,MEDIUM,Sep 15 08:02:06 rpki-client: rpki-01.pdxnet.uk/repo/paradoxnetworks/0/0BCF853E803055C859EF10545EB1D58071242ACC.mft: CRL has expired
Sep 15 08:02:07,rsync.paas.rpki.ripe.net,crl_expired,MEDIUM,Sep 15 08:02:07 rpki-client: rsync.paas.rpki.ripe.net/repository/16c2751b-f9a5-4e9e-a4b8-658310ce4ad3/0/C3E6AD82B8843D51BDDF7364AD103B9A2632732D.mft: CRL has expired
Sep 15 08:02:13,rsync.rpki.tianhai.link,crl_expired,MEDIUM,Sep 15 08:02:13 rpki-client: rsync.rpki.tianhai.link/repo/TianhaiRpki/0/3CDEC27384AADE5CA0809FD6F16D2BCA18BEB659.mft: CRL has expired
Sep 15 08:02:16,rsync.paas.rpki.ripe.net,crl_expired,MEDIUM,Sep 15 08:02:16 rpki-client: rsync.paas.rpki.ripe.net/repository/74c1572c-e97c-4100-aeff-1373f4e9433a/0/277DB6AB779E3D5333C97AB2285B988001C5E0C6.mft: CRL has expired
Sep 15 08:02:16,rsync.paas.rpki.ripe.net,crl_expired,MEDIUM,Sep 15 08:02:16 rpki-client: rsync.paas.rpki.ripe.net/repository/ad0eb3cf-9a1b-4112-a607-ae98c2ab12a7/3/FC5EF1F664F6BB0E1AF7BDA53D67E0589B895E1F.mft: CRL has expired
Sep 15 08:02:16,rsync.paas.rpki.ripe.net,crl_expired,MEDIUM,Sep 15 08:02:16 rpki-client: rsync.paas.rpki.ripe.net/repository/9566443b-dff4-4d13-bb81-72c8630d6df6/0/FF4F0B358CBD6C54ECCBEBF26F6D1A05F1D537E8.mft: CRL has expired
Sep 15 08:02:17,rpki.folf.systems,crl_expired,MEDIUM,Sep 15 08:02:17 rpki-client: rpki.folf.systems/repo/Folf-Systems/0/E883D1D2313A14E8659F604A65D65CE39A3F826B.mft: CRL has expired
Sep 15 08:02:19,rsync.paas.rpki.ripe.net,crl_expired,MEDIUM,Sep 15 08:02:19 rpki-client: rsync.paas.rpki.ripe.net/repository/b6746901-23d3-4301-b28d-8b0982b06c08/0/4C6EA5A3C53BEF2E65170C037C4451CFA78EF458.mft: CRL has expired
Sep 15 08:02:20,rsync.paas.rpki.ripe.net,crl_expired,MEDIUM,Sep 15 08:02:20 rpki-client: rsync.paas.rpki.ripe.net/repository/dc1db4c4-1699-4d62-b0ee-25ed39c61ee5/0/C9BF0871D04EF96E327E1588796BD3697E0FF532.mft: CRL has expired
Sep 15 08:02:21,rsync.paas.rpki.ripe.net,crl_expired,MEDIUM,Sep 15 08:02:21 rpki-client: rsync.paas.rpki.ripe.net/repository/491a43bc-76ec-4abe-ba7d-e73e90d662cb/0/C9E75975E66E7BC4344F9CDE2C3073B8E54A2F0E.mft: CRL has expired
Sep 15 08:02:22,rsync.paas.rpki.ripe.net,crl_expired,MEDIUM,Sep 15 08:02:22 rpki-client: rsync.paas.rpki.ripe.net/repository/e7444556-0eb0-4590-b891-c3155eb1c830/0/FD6368054FB0AAA91220A19F78778FE8C871D9BC.mft: CRL has expired
Sep 15 08:02:22,rsync.paas.rpki.ripe.net,crl_expired,MEDIUM,Sep 15 08:02:22 rpki-client: rsync.paas.rpki.ripe.net/repository/378e5eb0-c019-4ff5-b260-4e1638121055/0/E9B75912FCA789B86CCEA3B1E09F1B5BFA84B503.mft: CRL has expired
Sep 15 08:02:25,rsync.paas.rpki.ripe.net,crl_expired,MEDIUM,Sep 15 08:02:25 rpki-client: rsync.paas.rpki.ripe.net/repository/b277449f-31b2-4578-a872-4b6e1340504f/0/036E2F88E56C86A436A3C4C7AB770FA78BC686CA.mft: CRL has expired
Sep 15 08:02:29,rsync.paas.rpki.ripe.net,crl_expired,MEDIUM,Sep 15 08:02:29 rpki-client: rsync.paas.rpki.ripe.net/repository/5440d602-b0ab-436f-a957-dfb487c66bb8/0/D490F856F80E807B7180EF46E3048FC5F28CF832.mft: CRL has expired
Sep 15 08:02:29,rsync.paas.rpki.ripe.net,crl_expired,MEDIUM,Sep 15 08:02:29 rpki-client: rsync.paas.rpki.ripe.net/repository/beb8ea69-d68a-4a79-bb5d-68342170ba31/0/59730750F2A855056056BA7CF74A3E27B63A5A49.mft: CRL has expired
Sep 15 08:02:31,rsync.rpki.tianhai.link,crl_expired,MEDIUM,Sep 15 08:02:31 rpki-client: rsync.rpki.tianhai.link/repo/TianhaiRpki/2/3E32DA3B9DC955F96CF1BF58C5748B7B80FCB798.mft: CRL has expired
Sep 15 08:02:37,rsync.paas.rpki.ripe.net,crl_expired,MEDIUM,Sep 15 08:02:37 rpki-client: rsync.paas.rpki.ripe.net/repository/65eae745-8ac9-4e71-bc94-fcb261703f96/0/5DBF811E504A4FA2C29D3B4F11DFB713642873D3.mft: CRL has expired
Sep 15 08:02:37,rsync.paas.rpki.ripe.net,crl_expired,MEDIUM,Sep 15 08:02:37 rpki-client: rsync.paas.rpki.ripe.net/repository/d08bc49d-0338-4b5f-8204-0004a66105c9/0/5511F6D7DEF4C0FFB6E2B3B3F0C4455DCD14C160.mft: CRL has expired
Sep 15 08:02:38,rsync.paas.rpki.ripe.net,crl_expired,MEDIUM,Sep 15 08:02:38 rpki-client: rsync.paas.rpki.ripe.net/repository/c99265ef-22a9-4100-a23d-51a9d9feeb7d/3/7B08E26EA9F3D825ECCD64E5FDC355C852A7AF54.mft: CRL has expired
Sep 15 08:02:39,rsync.paas.rpki.ripe.net,crl_expired,MEDIUM,Sep 15 08:02:39 rpki-client: rsync.paas.rpki.ripe.net/repository/bcbbf0bf-a2e0-42a4-8293-711496eb66d2/0/BEEB4B595E9E084649D0ABE5B77B8DFF736D03F3.mft: CRL has expired
Sep 15 08:02:40,rpki-rps.arin.net,crl_expired,MEDIUM,Sep 15 08:02:40 rpki-client: rpki-rps.arin.net/repository/8a848ade8baa579c018c63046aa94533/0/A2110BBC490FA9C5E85F6218D333DCDC5E34811D.mft: CRL has expired
Sep 15 08:02:40,repodepot.wildtky.com,crl_expired,MEDIUM,Sep 15 08:02:40 rpki-client: repodepot.wildtky.com/repo/TkyCA-Aug2025/0/0B6ED7CB025EBCB8EF80249C0945D3B411B12961.mft: CRL has expired
Sep 15 08:02:44,rpki-rps.arin.net,crl_expired,MEDIUM,Sep 15 08:02:44 rpki-client: rpki-rps.arin.net/repository/8a848adf89e02e8b018ab95d1cec7a41/0/540B536AC1A2BB8FD1201662B430485BDE4FA6D0.mft: CRL has expired
Sep 15 08:02:45,rpki-rps.arin.net,crl_expired,MEDIUM,Sep 15 08:02:45 rpki-client: rpki-rps.arin.net/repository/8a848adf7f518c5d017f949e0c8c42f5/0/7DF55DC7DAC41CA7453595CB9A79AB7FE6C83531.mft: CRL has expired
Sep 15 08:02:45,rpki-rps.arin.net,crl_expired,MEDIUM,Sep 15 08:02:45 rpki-client: rpki-rps.arin.net/repository/8a848ade7fb71aa9017fdd9c5dd324c7/0/EB1DD8AA3E2B6864E06379C751DBFFFCC6418350.mft: CRL has expired
Sep 15 08:02:45,rpki-rps.arin.net,crl_expired,MEDIUM,Sep 15 08:02:45 rpki-client: rpki-rps.arin.net/repository/8a848adf850d063e01856ba3bdd43d3c/0/FB251CC7AAB29D28F17756B88E15DC43DC5ACF09.mft: CRL has expired
Sep 15 08:02:45,rpki.tools.westconnect.ca,crl_expired,MEDIUM,Sep 15 08:02:45 rpki-client: rpki.tools.westconnect.ca/repo/WestConnect-Pub/0/86A99076610E7C08AEDDCE8767AA5DC4528C4908.mft: CRL has expired
Sep 15 08:02:45,rpki-rps.arin.net,crl_expired,MEDIUM,Sep 15 08:02:45 rpki-client: rpki-rps.arin.net/repository/8a848adf7fb722e9017ffead9f534ac5/0/BFA2750976CA07F56A68976B0F01EB862F17C3B3.mft: CRL has expired
Sep 15 08:02:45,rpki-01.pdxnet.uk,crl_expired,MEDIUM,Sep 15 08:02:45 rpki-client: rpki-01.pdxnet.uk/repo/paradoxnetworks/4/2629243C9E8DA7B14D0ABD25660A74AC4081C88B.mft: CRL has expired
Sep 15 08:02:45,rpki-rps.arin.net,crl_expired,MEDIUM,Sep 15 08:02:45 rpki-client: rpki-rps.arin.net/repository/8a848adf850d063e01856ba3bdd43d3c/1/73A8BD732D93790878D7033EC4558AFD0D11F932.mft: CRL has expired
Sep 15 08:05:13,rsync.paas.rpki.ripe.net,crl_expired,MEDIUM,Sep 15 08:05:13 rpki-client: rsync.paas.rpki.ripe.net/repository/3253d973-d5bf-4541-bcc1-276543a25c7d/2/CDC014669D381152AFB94B76936268BFF73E7D50.mft: CRL has expired
Sep 15 08:05:13,rpki.qs.nu,crl_expired,MEDIUM,Sep 15 08:05:13 rpki-client: rpki.qs.nu/repo/cyntest/2/FF0595CB477C33B6B94C7E477213C842A6067D6B.mft: CRL has expired
Sep 15 08:05:13,rsync.paas.rpki.ripe.net,crl_expired,MEDIUM,Sep 15 08:05:13 rpki-client: rsync.paas.rpki.ripe.net/repository/65eae745-8ac9-4e71-bc94-fcb261703f96/1/8BAD307CD4DF11014E40EDDFFFD60F9A09E6E95C.mft: CRL has expired
Sep 15 08:05:13,rsync.paas.rpki.ripe.net,crl_expired,MEDIUM,Sep 15 08:05:13 rpki-client: rsync.paas.rpki.ripe.net/repository/02aed0a4-3e76-4830-bbb4-1cbc204352b3/0/5BE6F0781C3A7A74F993C53DC07FC424ED911592.mft: CRL has expired
Sep 15 08:05:13,rsync.paas.rpki.ripe.net,crl_expired,MEDIUM,Sep 15 08:05:13 rpki-client: rsync.paas.rpki.ripe.net/repository/8d5cd14e-5f63-4f1c-94e3-27050c266480/1/52285B8754F215EBEAB614DEB86E66DA3B37320C.mft: CRL has expired
Sep 15 08:05:14,rpki-01.pdxnet.uk,crl_expired,MEDIUM,Sep 15 08:05:14 rpki-client: rpki-01.pdxnet.uk/repo/paradoxnetworks/8/F6386FABEA39210B665A6A55AE5DA66BE6741597.mft: CRL has expired
Sep 15 08:05:15,rpki.zappiehost.com,crl_expired,MEDIUM,Sep 15 08:05:15 rpki-client: rpki.zappiehost.com/repo/TERITUM_UID_18858/2/39AEFE2BA3F5A831FA397B7789C10D57E5D8BAD5.mft: CRL has expired
Sep 15 08:05:21,rpki-01.pdxnet.uk,crl_expired,MEDIUM,Sep 15 08:05:21 rpki-client: rpki-01.pdxnet.uk/repo/paradoxnetworks/7/716ED138312A679CA1B1F88B3EF7301163F16356.mft: CRL has expired
Sep 15 08:05:21,rpki-01.pdxnet.uk,crl_expired,MEDIUM,Sep 15 08:05:21 rpki-client: rpki-01.pdxnet.uk/repo/paradoxnetworks/5/5A96B8985A8E62FB1094248D3B5B4A3BB24369EC.mft: CRL has expired
Sep 15 08:05:27,rsync.paas.rpki.ripe.net,crl_expired,MEDIUM,Sep 15 08:05:27 rpki-client: rsync.paas.rpki.ripe.net/repository/16c2751b-f9a5-4e9e-a4b8-658310ce4ad3/1/82DFDBC2299142D57F36C3896EE6073C080234FF.mft: CRL has expired
Sep 15 08:05:34,rpki.sub.apnic.net,crl_expired,MEDIUM,Sep 15 08:05:34 rpki-client: rpki.sub.apnic.net/repository/A91905300000/4/B7351B05B1619E9DE395F0B2FFC9EE1129F300B4.mft: CRL has expired
Sep 15 08:05:40,rpki.sub.apnic.net,crl_expired,MEDIUM,Sep 15 08:05:40 rpki-client: rpki.sub.apnic.net/repository/A91905300000/3/B18F989967D30F2509E3D29707C5F85B5F6BDB6F.mft: CRL has expired
Sep 15 08:05:40,rsync.paas.rpki.ripe.net,crl_expired,MEDIUM,Sep 15 08:05:40 rpki-client: rsync.paas.rpki.ripe.net/repository/8d5cd14e-5f63-4f1c-94e3-27050c266480/3/94A2F16DF417C32E057AA268C0E52C70D1A406C5.mft: CRL has expired
Sep 15 08:05:42,rpki.sub.apnic.net,crl_expired,MEDIUM,Sep 15 08:05:42 rpki-client: rpki.sub.apnic.net/repository/A91905300000/0/30356EF46D594DA57C7697011183ACFFE04613E0.mft: CRL has expired
Sep 15 08:05:46,rpki.sub.apnic.net,crl_expired,MEDIUM,Sep 15 08:05:46 rpki-client: rpki.sub.apnic.net/repository/A91905300000/9/33F4082166A89FFF6F326AE09B44BFBEF1629FEB.mft: CRL has expired
Sep 15 08:05:46,rsync.rpki.tianhai.link,crl_expired,MEDIUM,Sep 15 08:05:46 rpki-client: rsync.rpki.tianhai.link/repo/TianhaiRpki/3/459D2B834A3BA08C0AA67C6E578146A8B1FE2C2F.mft: CRL has expired
Sep 15 08:05:47,rpki.sub.apnic.net,crl_expired,MEDIUM,Sep 15 08:05:47 rpki-client: rpki.sub.apnic.net/repository/A91905300000/7/4B1987D5160068092602529871C93EA320045A75.mft: CRL has expired
Sep 15 08:05:49,rsync.paas.rpki.ripe.net,crl_expired,MEDIUM,Sep 15 08:05:49 rpki-client: rsync.paas.rpki.ripe.net/repository/8d5cd14e-5f63-4f1c-94e3-27050c266480/2/C4E6C3DAEB74BE45207EB80DEDF1FFD54BC0019E.mft: CRL has expired
Sep 15 08:05:49,rsync.paas.rpki.ripe.net,crl_expired,MEDIUM,Sep 15 08:05:49 rpki-client: rsync.paas.rpki.ripe.net/repository/491a43bc-76ec-4abe-ba7d-e73e90d662cb/5/7C4E2571D39535EB83B4BDD4E4668A2D2C177631.mft: CRL has expired
Sep 15 08:05:49,rpki-01.pdxnet.uk,crl_expired,MEDIUM,Sep 15 08:05:49 rpki-client: rpki-01.pdxnet.uk/repo/paradoxnetworks/9/46EF3896348D5F15EAE53B1980903A18328E4126.mft: CRL has expired
Sep 15 08:06:38,rpki-repo.registro.br,crl_expired,MEDIUM,Sep 15 08:06:38 rpki-client: rpki-repo.registro.br/repo/7a8KTNaRLfS1gR9x49puubkt9znfMNhueKh2VeWK5gE8/0/89489A8E2CAF2EA16C1DAA6E07FB00463F4F788C.mft: CRL has expired
Sep 15 08:06:38,rpki-repo.registro.br,crl_expired,MEDIUM,Sep 15 08:06:38 rpki-client: rpki-repo.registro.br/repo/4GtEY61VzbXM3sSXnt9cWLAZeLKpb7bJH9jt1kwZLjtH/0/870F31E28EB6835FE94CC62D908989A74790CB3E.mft: CRL has expired
Sep 15 08:06:40,rpki-repo.registro.br,crl_expired,MEDIUM,Sep 15 08:06:40 rpki-client: rpki-repo.registro.br/repo/Gp1UdqATaq3Fo9UTJb4Gs2CkH5szopYM4Lxahzo7dYmo/0/F2BCDEE27FCE809FBB2CBD318ED16F5077F2E713.mft: CRL has expired
Sep 15 08:06:40,rpki-repo.registro.br,crl_expired,MEDIUM,Sep 15 08:06:40 rpki-client: rpki-repo.registro.br/repo/5CxmhFZmNy6pMkdvacHdjcMUy6tzePd4QzeqwmoVeomw/0/13A8F7FF18790DD7526A982E956B58BEB7F34AEE.mft: CRL has expired
Sep 15 08:06:41,rpki-repo.registro.br,crl_expired,MEDIUM,Sep 15 08:06:41 rpki-client: rpki-repo.registro.br/repo/D3x4pwrjkHv82m1gxTKnpv8J5x4SCJfMbUKyNWiPdxTf/0/9CE70F913E9137B352592B7A2C075D2EA9F4269D.mft: CRL has expired
Sep 15 08:06:41,rpki-repo.registro.br,crl_expired,MEDIUM,Sep 15 08:06:41 rpki-client: rpki-repo.registro.br/repo/63xJf2N5im222paAFHDj6dN4Wr6KcpyUvvwnqtXqJtz/0/F10DAA508BBAC5E287A95F8AABB8FA542C15ECCB.mft: CRL has expired
Sep 15 08:06:41,rpki-repo.registro.br,crl_expired,MEDIUM,Sep 15 08:06:41 rpki-client: rpki-repo.registro.br/repo/A92rSfS48eq3y879gTR343BJ4qJooPpqXoDWJwfSYV6s/0/C9AA1E7B3AFFF61DDF1DB22368771DD7D9CA1526.mft: CRL has expired
Sep 15 08:06:41,rpki-repo.registro.br,crl_expired,MEDIUM,Sep 15 08:06:41 rpki-client: rpki-repo.registro.br/repo/3KyhStDUELmgmeEdfL97nv3dikuQxfC8pMAM5v4kVfVA/0/F369B880738FA6C66F931D123DE6542D4B42FD29.mft: CRL has expired
Sep 15 08:06:42,rpki-repo.registro.br,crl_expired,MEDIUM,Sep 15 08:06:42 rpki-client: rpki-repo.registro.br/repo/AKuVh62sehnGrn4egwFVQPVVktjmodtPw5qpPKVkRKze/0/F2C6E0587FD7F70011347A9B93679A111A9A7FB9.mft: CRL has expired
Sep 15 08:06:42,rpki-repo.registro.br,crl_expired,MEDIUM,Sep 15 08:06:42 rpki-client: rpki-repo.registro.br/repo/2P7yCmniNCyWZ9ZYoFVnHsvV6wWrGLZ1mocBpUEWZRCQ/1/AE59A48BAA816C14CB96DAB0CA106B59B3B8DC83.mft: CRL has expired
Sep 15 08:06:42,rpki-repo.registro.br,crl_expired,MEDIUM,Sep 15 08:06:42 rpki-client: rpki-repo.registro.br/repo/2nsdtLtmqpH3PPmbrsLsHXhm7jxkPrTsdJrnvgNzRBJh/0/85CB838E34B41EAF2AA18ECCB28128B775E7DF08.mft: CRL has expired
Sep 15 08:06:43,rpki-repo.registro.br,crl_expired,MEDIUM,Sep 15 08:06:43 rpki-client: rpki-repo.registro.br/repo/FoBShUaoMyCYu29rw24hCW8HcrBhs76Lp6STm3nG8DSE/0/8BD1D8BD14FC1D0BBA5699DECB330398D407C804.mft: CRL has expired
Sep 15 08:06:43,rpki-repo.registro.br,crl_expired,MEDIUM,Sep 15 08:06:43 rpki-client: rpki-repo.registro.br/repo/MCAqBhEqiwukZBc3mdE2GaFppSDh9zeHLXELqgCAmRM/0/85B0D4E0DDB24C9320635A9EBEE7FBDFBE41F413.mft: CRL has expired
Sep 15 08:06:43,rpki-repo.registro.br,crl_expired,MEDIUM,Sep 15 08:06:43 rpki-client: rpki-repo.registro.br/repo/5X5L7VeHcHtN19pEZrWuL6Gif3DvMRo3AQSJ9gLY6xLn/0/3806DB121C9269AE400CDA71100F88AF76F0469C.mft: CRL has expired
Sep 15 08:06:44,rpki-repo.registro.br,crl_expired,MEDIUM,Sep 15 08:06:44 rpki-client: rpki-repo.registro.br/repo/GZRQuacA5spvsrH1zCPHcUMqz7Lo16VUsaui1BSxRw8q/1/ECD0DBC5E636A21B4CE0F5BA5CD71892C31BB6A8.mft: CRL has expired
Sep 15 08:06:45,rpki-repo.registro.br,crl_expired,MEDIUM,Sep 15 08:06:45 rpki-client: rpki-repo.registro.br/repo/F2jESFm3yC1XuN2fxY6PPfBMQHspRDkgMKwcwTyjWU2K/0/C11F7C20B2456BA36EBCC89270ACE976DACFC35C.mft: CRL has expired
Sep 15 08:06:45,rpki-repo.registro.br,crl_expired,MEDIUM,Sep 15 08:06:45 rpki-client: rpki-repo.registro.br/repo/EKMN6VmCnJ3amd8rwRW9fGZZgBK9dBmqbzdBwmmgpeSe/0/54CD9C29D2965A102103F5E8772427BF348CBC34.mft: CRL has expired
Sep 15 08:06:46,rpki-repo.registro.br,crl_expired,MEDIUM,Sep 15 08:06:46 rpki-client: rpki-repo.registro.br/repo/Bad3nK4i3jvPmNFbV3Js5nCtTgbAGrBG1upiTnVaR96y/0/D498782804B701D4D741A81F6C4C70B8F52156BD.mft: CRL has expired
Sep 15 08:06:46,rpki-repo.registro.br,crl_expired,MEDIUM,Sep 15 08:06:46 rpki-client: rpki-repo.registro.br/repo/BAtHy94PZxeuH98JNxDzrtuwp7L4HWJpP1C44gnfuEQt/0/57D626EF55C34DCC2CFD920E4CD90D504B1A471C.mft: CRL has expired
Sep 15 08:06:47,rpki-repo.registro.br,crl_expired,MEDIUM,Sep 15 08:06:47 rpki-client: rpki-repo.registro.br/repo/FJLhJfe6hkNEJAxa6z9tMktNPsBuiYnErLxfhac5fshU/0/A0BD39FF72B4E3DAFE3521F40F4E4389CB5887F3.mft: CRL has expired
Sep 15 08:06:47,rpki-repo.registro.br,crl_expired,MEDIUM,Sep 15 08:06:47 rpki-client: rpki-repo.registro.br/repo/DsLntwokokw2oxGpXyYoHx3ibtmmDSRHExxVtTK6Qq81/0/ADFB743F78B2F288155F57415C2B114473B48D92.mft: CRL has expired
Sep 15 08:06:47,rpki-repo.registro.br,crl_expired,MEDIUM,Sep 15 08:06:47 rpki-client: rpki-repo.registro.br/repo/43r5HtNuaBtfqCD3LbVgGoawviriwV6NXYypba3raWPn/0/9F391F7CFCB2FA0F5A23C4FD110AD6FF51B042BD.mft: CRL has expired
Sep 15 08:06:48,rpki-repo.registro.br,crl_expired,MEDIUM,Sep 15 08:06:48 rpki-client: rpki-repo.registro.br/repo/5seJupBmt7DNaqkjFuoxGw4yKiZTyiZaETXsuDZrskHn/0/578FACA45EAAD1DB7C7EBA86A0750FBF7D834BA3.mft: CRL has expired
Sep 15 08:06:48,rpki-repo.registro.br,crl_expired,MEDIUM,Sep 15 08:06:48 rpki-client: rpki-repo.registro.br/repo/5wYykgtQWEFqj7Fu3xZThN2DrX9jdvCaVn2wMXFb6U52/0/474B51CEB662EF010C6B1DDD845BC89A81122C37.mft: CRL has expired
Sep 15 07:55:41,rpki.sub.apnic.net,crl_expired,MEDIUM,Sep 15 07:55:41 rpki-client: rpki.sub.apnic.net/repository/A91905300000/0/30356EF46D594DA57C7697011183ACFFE04613E0.mft: CRL has expired
Sep 15 07:55:41,rpki.sub.apnic.net,crl_expired,MEDIUM,Sep 15 07:55:41 rpki-client: rpki.sub.apnic.net/repository/A91905300000/3/B18F989967D30F2509E3D29707C5F85B5F6BDB6F.mft: CRL has expired
Sep 15 07:55:41,rpki.sub.apnic.net,crl_expired,MEDIUM,Sep 15 07:55:41 rpki-client: rpki.sub.apnic.net/repository/A91905300000/9/33F4082166A89FFF6F326AE09B44BFBEF1629FEB.mft: CRL has expired
Sep 15 07:55:41,rpki.sub.apnic.net,crl_expired,MEDIUM,Sep 15 07:55:41 rpki-client: rpki.sub.apnic.net/repository/A91905300000/7/4B1987D5160068092602529871C93EA320045A75.mft: CRL has expired
Sep 15 07:55:41,rsync.paas.rpki.ripe.net,crl_expired,MEDIUM,Sep 15 07:55:41 rpki-client: rsync.paas.rpki.ripe.net/repository/8d5cd14e-5f63-4f1c-94e3-27050c266480/2/C4E6C3DAEB74BE45207EB80DEDF1FFD54BC0019E.mft: CRL has expired
Sep 15 07:55:41,rsync.paas.rpki.ripe.net,crl_expired,MEDIUM,Sep 15 07:55:41 rpki-client: rsync.paas.rpki.ripe.net/repository/8d5cd14e-5f63-4f1c-94e3-27050c266480/3/94A2F16DF417C32E057AA268C0E52C70D1A406C5.mft: CRL has expired
Sep 15 07:55:42,rpki.sub.apnic.net,crl_expired,MEDIUM,Sep 15 07:55:42 rpki-client: rpki.sub.apnic.net/repository/A91905300000/4/B7351B05B1619E9DE395F0B2FFC9EE1129F300B4.mft: CRL has expired
Sep 15 07:59:41,rpki-repo.registro.br,crl_expired,MEDIUM,Sep 15 07:59:41 rpki-client: rpki-repo.registro.br/repo/5seJupBmt7DNaqkjFuoxGw4yKiZTyiZaETXsuDZrskHn/0/578FACA45EAAD1DB7C7EBA86A0750FBF7D834BA3.mft: CRL has expired
Sep 15 07:59:41,rpki-repo.registro.br,crl_expired,MEDIUM,Sep 15 07:59:41 rpki-client: rpki-repo.registro.br/repo/AKuVh62sehnGrn4egwFVQPVVktjmodtPw5qpPKVkRKze/0/F2C6E0587FD7F70011347A9B93679A111A9A7FB9.mft: CRL has expired
Sep 15 07:59:41,rpki-repo.registro.br,crl_expired,MEDIUM,Sep 15 07:59:41 rpki-client: rpki-repo.registro.br/repo/BAtHy94PZxeuH98JNxDzrtuwp7L4HWJpP1C44gnfuEQt/0/57D626EF55C34DCC2CFD920E4CD90D504B1A471C.mft: CRL has expired
Sep 15 07:59:41,rpki-repo.registro.br,crl_expired,MEDIUM,Sep 15 07:59:41 rpki-client: rpki-repo.registro.br/repo/63xJf2N5im222paAFHDj6dN4Wr6KcpyUvvwnqtXqJtz/0/F10DAA508BBAC5E287A95F8AABB8FA542C15ECCB.mft: CRL has expired
Sep 15 07:59:42,rpki-repo.registro.br,crl_expired,MEDIUM,Sep 15 07:59:42 rpki-client: rpki-repo.registro.br/repo/D3x4pwrjkHv82m1gxTKnpv8J5x4SCJfMbUKyNWiPdxTf/0/9CE70F913E9137B352592B7A2C075D2EA9F4269D.mft: CRL has expired
Sep 15 07:59:42,rpki-repo.registro.br,crl_expired,MEDIUM,Sep 15 07:59:42 rpki-client: rpki-repo.registro.br/repo/FJLhJfe6hkNEJAxa6z9tMktNPsBuiYnErLxfhac5fshU/0/A0BD39FF72B4E3DAFE3521F40F4E4389CB5887F3.mft: CRL has expired
Sep 15 07:59:42,rpki-repo.registro.br,crl_expired,MEDIUM,Sep 15 07:59:42 rpki-client: rpki-repo.registro.br/repo/5X5L7VeHcHtN19pEZrWuL6Gif3DvMRo3AQSJ9gLY6xLn/0/3806DB121C9269AE400CDA71100F88AF76F0469C.mft: CRL has expired
Sep 15 07:59:43,rpki-repo.registro.br,crl_expired,MEDIUM,Sep 15 07:59:43 rpki-client: rpki-repo.registro.br/repo/A92rSfS48eq3y879gTR343BJ4qJooPpqXoDWJwfSYV6s/0/C9AA1E7B3AFFF61DDF1DB22368771DD7D9CA1526.mft: CRL has expired
Sep 15 07:59:43,rpki-repo.registro.br,crl_expired,MEDIUM,Sep 15 07:59:43 rpki-client: rpki-repo.registro.br/repo/EKMN6VmCnJ3amd8rwRW9fGZZgBK9dBmqbzdBwmmgpeSe/0/54CD9C29D2965A102103F5E8772427BF348CBC34.mft: CRL has expired
Sep 15 07:59:43,rpki-repo.registro.br,crl_expired,MEDIUM,Sep 15 07:59:43 rpki-client: rpki-repo.registro.br/repo/DsLntwokokw2oxGpXyYoHx3ibtmmDSRHExxVtTK6Qq81/0/ADFB743F78B2F288155F57415C2B114473B48D92.mft: CRL has expired
Sep 15 07:59:43,rpki-repo.registro.br,crl_expired,MEDIUM,Sep 15 07:59:43 rpki-client: rpki-repo.registro.br/repo/2nsdtLtmqpH3PPmbrsLsHXhm7jxkPrTsdJrnvgNzRBJh/0/85CB838E34B41EAF2AA18ECCB28128B775E7DF08.mft: CRL has expired
Sep 15 07:59:43,rpki-repo.registro.br,crl_expired,MEDIUM,Sep 15 07:59:43 rpki-client: rpki-repo.registro.br/repo/5wYykgtQWEFqj7Fu3xZThN2DrX9jdvCaVn2wMXFb6U52/0/474B51CEB662EF010C6B1DDD845BC89A81122C37.mft: CRL has expired
Sep 15 07:59:43,rpki-repo.registro.br,crl_expired,MEDIUM,Sep 15 07:59:43 rpki-client: rpki-repo.registro.br/repo/3KyhStDUELmgmeEdfL97nv3dikuQxfC8pMAM5v4kVfVA/0/F369B880738FA6C66F931D123DE6542D4B42FD29.mft: CRL has expired
Sep 15 07:59:44,rpki-repo.registro.br,crl_expired,MEDIUM,Sep 15 07:59:44 rpki-client: rpki-repo.registro.br/repo/F2jESFm3yC1XuN2fxY6PPfBMQHspRDkgMKwcwTyjWU2K/0/C11F7C20B2456BA36EBCC89270ACE976DACFC35C.mft: CRL has expired
Sep 15 07:59:44,rpki-repo.registro.br,crl_expired,MEDIUM,Sep 15 07:59:44 rpki-client: rpki-repo.registro.br/repo/43r5HtNuaBtfqCD3LbVgGoawviriwV6NXYypba3raWPn/0/9F391F7CFCB2FA0F5A23C4FD110AD6FF51B042BD.mft: CRL has expired
Sep 15 07:59:44,rpki-repo.registro.br,crl_expired,MEDIUM,Sep 15 07:59:44 rpki-client: rpki-repo.registro.br/repo/2P7yCmniNCyWZ9ZYoFVnHsvV6wWrGLZ1mocBpUEWZRCQ/1/AE59A48BAA816C14CB96DAB0CA106B59B3B8DC83.mft: CRL has expired
Sep 15 07:59:45,rpki-repo.registro.br,crl_expired,MEDIUM,Sep 15 07:59:45 rpki-client: rpki-repo.registro.br/repo/5CxmhFZmNy6pMkdvacHdjcMUy6tzePd4QzeqwmoVeomw/0/13A8F7FF18790DD7526A982E956B58BEB7F34AEE.mft: CRL has expired
Sep 15 07:59:45,rpki-repo.registro.br,crl_expired,MEDIUM,Sep 15 07:59:45 rpki-client: rpki-repo.registro.br/repo/4GtEY61VzbXM3sSXnt9cWLAZeLKpb7bJH9jt1kwZLjtH/0/870F31E28EB6835FE94CC62D908989A74790CB3E.mft: CRL has expired
Sep 15 07:59:45,rpki-repo.registro.br,crl_expired,MEDIUM,Sep 15 07:59:45 rpki-client: rpki-repo.registro.br/repo/Gp1UdqATaq3Fo9UTJb4Gs2CkH5szopYM4Lxahzo7dYmo/0/F2BCDEE27FCE809FBB2CBD318ED16F5077F2E713.mft: CRL has expired
Sep 15 07:59:45,rpki-repo.registro.br,crl_expired,MEDIUM,Sep 15 07:59:45 rpki-client: rpki-repo.registro.br/repo/FoBShUaoMyCYu29rw24hCW8HcrBhs76Lp6STm3nG8DSE/0/8BD1D8BD14FC1D0BBA5699DECB330398D407C804.mft: CRL has expired
Sep 15 07:59:46,rpki-repo.registro.br,crl_expired,MEDIUM,Sep 15 07:59:46 rpki-client: rpki-repo.registro.br/repo/Bad3nK4i3jvPmNFbV3Js5nCtTgbAGrBG1upiTnVaR96y/0/D498782804B701D4D741A81F6C4C70B8F52156BD.mft: CRL has expired
Sep 15 07:59:46,rpki-repo.registro.br,crl_expired,MEDIUM,Sep 15 07:59:46 rpki-client: rpki-repo.registro.br/repo/GZRQuacA5spvsrH1zCPHcUMqz7Lo16VUsaui1BSxRw8q/1/ECD0DBC5E636A21B4CE0F5BA5CD71892C31BB6A8.mft: CRL has expired
Sep 15 07:59:46,rpki-repo.registro.br,crl_expired,MEDIUM,Sep 15 07:59:46 rpki-client: rpki-repo.registro.br/repo/MCAqBhEqiwukZBc3mdE2GaFppSDh9zeHLXELqgCAmRM/0/85B0D4E0DDB24C9320635A9EBEE7FBDFBE41F413.mft: CRL has expired
Sep 15 07:59:46,rpki-repo.registro.br,crl_expired,MEDIUM,Sep 15 07:59:46 rpki-client: rpki-repo.registro.br/repo/7a8KTNaRLfS1gR9x49puubkt9znfMNhueKh2VeWK5gE8/0/89489A8E2CAF2EA16C1DAA6E07FB00463F4F788C.mft: CRL has expired
Sep 15 08:00:29,rsync.paas.rpki.ripe.net,crl_expired,MEDIUM,Sep 15 08:00:29 rpki-client: rsync.paas.rpki.ripe.net/repository/4e650b54-abc4-4418-aeb6-088a50d1d5f1/1/D7B42D8A567C7905A57C26B0BBACEA84833B5998.mft: CRL has expired
Sep 15 08:00:30,rsync.paas.rpki.ripe.net,crl_expired,MEDIUM,Sep 15 08:00:30 rpki-client: rsync.paas.rpki.ripe.net/repository/c99265ef-22a9-4100-a23d-51a9d9feeb7d/3/7B08E26EA9F3D825ECCD64E5FDC355C852A7AF54.mft: CRL has expired
Sep 15 08:00:32,rsync.paas.rpki.ripe.net,crl_expired,MEDIUM,Sep 15 08:00:32 rpki-client: rsync.paas.rpki.ripe.net/repository/d88b854e-092c-4d79-ac06-af380b08d12b/2/FD7A8C110A628469378572A2918653F6F8D726D2.mft: CRL has expired
Sep 15 08:00:34,pub.krill.ausra.cloud,crl_expired,MEDIUM,Sep 15 08:00:34 rpki-client: pub.krill.ausra.cloud/repo/Ausra-Systems-Internal-CA/0/B32E3E3753E1C34EB8EC09DDA363F06C67B7DB8A.mft: CRL has expired
Sep 15 08:00:35,rsync.paas.rpki.ripe.net,crl_expired,MEDIUM,Sep 15 08:00:35 rpki-client: rsync.paas.rpki.ripe.net/repository/c5592a54-4035-4970-86dc-3d1803b7b60f/0/945031CB22A35CDB6CE579CB70270EA7B3A89A27.mft: CRL has expired
Sep 15 08:00:35,rsync.paas.rpki.ripe.net,crl_expired,MEDIUM,Sep 15 08:00:35 rpki-client: rsync.paas.rpki.ripe.net/repository/98826bce-854a-48c6-86af-93cf28393576/0/ADAA2DF4F9F7F1B10330C3AB0CE4598D59DFFDA0.mft: CRL has expired
Sep 15 08:00:38,rsync.paas.rpki.ripe.net,crl_expired,MEDIUM,Sep 15 08:00:38 rpki-client: rsync.paas.rpki.ripe.net/repository/9af6c38e-8050-483d-a2cb-a61c9e2aa468/0/6827F6047A800EBE4B0DC6299C084EF05E0AAADE.mft: CRL has expired
Sep 15 08:00:38,rsync.paas.rpki.ripe.net,crl_expired,MEDIUM,Sep 15 08:00:38 rpki-client: rsync.paas.rpki.ripe.net/repository/491a43bc-76ec-4abe-ba7d-e73e90d662cb/0/C9E75975E66E7BC4344F9CDE2C3073B8E54A2F0E.mft: CRL has expired
Sep 15 08:00:38,rsync.paas.rpki.ripe.net,crl_expired,MEDIUM,Sep 15 08:00:38 rpki-client: rsync.paas.rpki.ripe.net/repository/3c8e4e11-3aca-4305-acd4-f05e6c909115/0/B8288EA9E3D67DC3D38FA775181C4B2C87729BDF.mft: CRL has expired
Sep 15 08:00:40,rsync.paas.rpki.ripe.net,crl_expired,MEDIUM,Sep 15 08:00:40 rpki-client: rsync.paas.rpki.ripe.net/repository/16c2751b-f9a5-4e9e-a4b8-658310ce4ad3/0/C3E6AD82B8843D51BDDF7364AD103B9A2632732D.mft: CRL has expired
Sep 15 08:00:40,rpki-01.pdxnet.uk,crl_expired,MEDIUM,Sep 15 08:00:40 rpki-client: rpki-01.pdxnet.uk/repo/paradoxnetworks/0/0BCF853E803055C859EF10545EB1D58071242ACC.mft: CRL has expired
Sep 15 08:00:40,rsync.paas.rpki.ripe.net,crl_expired,MEDIUM,Sep 15 08:00:40 rpki-client: rsync.paas.rpki.ripe.net/repository/dc1db4c4-1699-4d62-b0ee-25ed39c61ee5/0/C9BF0871D04EF96E327E1588796BD3697E0FF532.mft: CRL has expired
Sep 15 08:00:41,rsync.paas.rpki.ripe.net,crl_expired,MEDIUM,Sep 15 08:00:41 rpki-client: rsync.paas.rpki.ripe.net/repository/9566443b-dff4-4d13-bb81-72c8630d6df6/0/FF4F0B358CBD6C54ECCBEBF26F6D1A05F1D537E8.mft: CRL has expired
Sep 15 08:00:43,rsync.paas.rpki.ripe.net,crl_expired,MEDIUM,Sep 15 08:00:43 rpki-client: rsync.paas.rpki.ripe.net/repository/5440d602-b0ab-436f-a957-dfb487c66bb8/0/D490F856F80E807B7180EF46E3048FC5F28CF832.mft: CRL has expired
Sep 15 08:00:48,rsync.paas.rpki.ripe.net,crl_expired,MEDIUM,Sep 15 08:00:48 rpki-client: rsync.paas.rpki.ripe.net/repository/beb8ea69-d68a-4a79-bb5d-68342170ba31/0/59730750F2A855056056BA7CF74A3E27B63A5A49.mft: CRL has expired
Sep 15 08:00:48,rsync.paas.rpki.ripe.net,crl_expired,MEDIUM,Sep 15 08:00:48 rpki-client: rsync.paas.rpki.ripe.net/repository/24db6e0e-696c-4f89-8d48-274559700af5/1/A9DD9F6B65491D90C4E19E9C960252466C2C9D12.mft: CRL has expired
Sep 15 08:00:48,rsync.paas.rpki.ripe.net,crl_expired,MEDIUM,Sep 15 08:00:48 rpki-client: rsync.paas.rpki.ripe.net/repository/b277449f-31b2-4578-a872-4b6e1340504f/0/036E2F88E56C86A436A3C4C7AB770FA78BC686CA.mft: CRL has expired
Sep 15 08:00:49,rsync.paas.rpki.ripe.net,crl_expired,MEDIUM,Sep 15 08:00:49 rpki-client: rsync.paas.rpki.ripe.net/repository/330c7f5c-faae-4354-b920-e20bd0425bb9/0/2E1EDE80640C9F484F75DD39C13ED6C70E074A03.mft: CRL has expired
Sep 15 08:00:53,rsync.paas.rpki.ripe.net,crl_expired,MEDIUM,Sep 15 08:00:53 rpki-client: rsync.paas.rpki.ripe.net/repository/140d7b73-de43-4336-8509-30a22dd398f5/0/5C7262A955ADA62839313DB8EDCA355BFB981427.mft: CRL has expired
Sep 15 08:00:56,rsync.paas.rpki.ripe.net,crl_expired,MEDIUM,Sep 15 08:00:56 rpki-client: rsync.paas.rpki.ripe.net/repository/e7444556-0eb0-4590-b891-c3155eb1c830/0/FD6368054FB0AAA91220A19F78778FE8C871D9BC.mft: CRL has expired
Sep 15 08:00:59,rsync.paas.rpki.ripe.net,crl_expired,MEDIUM,Sep 15 08:00:59 rpki-client: rsync.paas.rpki.ripe.net/repository/80a6dc53-b20d-453a-b7e5-3e06ef42bd26/0/B1D3049AB90B73314F2ADFCAD639336D9320B35E.mft: CRL has expired
Sep 15 08:00:59,rsync.paas.rpki.ripe.net,crl_expired,MEDIUM,Sep 15 08:00:59 rpki-client: rsync.paas.rpki.ripe.net/repository/65eae745-8ac9-4e71-bc94-fcb261703f96/0/5DBF811E504A4FA2C29D3B4F11DFB713642873D3.mft: CRL has expired
Sep 15 08:00:59,rpki.folf.systems,crl_expired,MEDIUM,Sep 15 08:00:59 rpki-client: rpki.folf.systems/repo/Folf-Systems/0/E883D1D2313A14E8659F604A65D65CE39A3F826B.mft: CRL has expired
Sep 15 08:01:02,rsync.paas.rpki.ripe.net,crl_expired,MEDIUM,Sep 15 08:01:02 rpki-client: rsync.paas.rpki.ripe.net/repository/2feab205-d14b-4a2a-a38a-6be9ee483ace/0/EC6C7177521BD791A07FA0AA12E710B684F06985.mft: CRL has expired
Sep 15 08:01:03,rsync.paas.rpki.ripe.net,crl_expired,MEDIUM,Sep 15 08:01:03 rpki-client: rsync.paas.rpki.ripe.net/repository/fa1b8677-ea6b-4043-907d-59f4675f2977/0/C3A70AD7F32685733597C663E02CE28A3306F923.mft: CRL has expired
Sep 15 08:01:03,rsync.paas.rpki.ripe.net,crl_expired,MEDIUM,Sep 15 08:01:03 rpki-client: rsync.paas.rpki.ripe.net/repository/b64c075f-eb10-4426-bb40-3a833fe0f9fb/1/7DDB99F73E7B582C352890E3AD5785D3679F8891.mft: CRL has expired
Sep 15 08:01:04,rsync.paas.rpki.ripe.net,crl_expired,MEDIUM,Sep 15 08:01:04 rpki-client: rsync.paas.rpki.ripe.net/repository/74c1572c-e97c-4100-aeff-1373f4e9433a/0/277DB6AB779E3D5333C97AB2285B988001C5E0C6.mft: CRL has expired
Sep 15 08:01:04,rsync.paas.rpki.ripe.net,crl_expired,MEDIUM,Sep 15 08:01:04 rpki-client: rsync.paas.rpki.ripe.net/repository/b6746901-23d3-4301-b28d-8b0982b06c08/0/4C6EA5A3C53BEF2E65170C037C4451CFA78EF458.mft: CRL has expired
Sep 15 08:01:05,rsync.paas.rpki.ripe.net,crl_expired,MEDIUM,Sep 15 08:01:05 rpki-client: rsync.paas.rpki.ripe.net/repository/8d5cd14e-5f63-4f1c-94e3-27050c266480/0/0CDB32D6253FBAFE07378A1A30946A73AEC7E3D4.mft: CRL has expired
Sep 15 08:01:06,rsync.paas.rpki.ripe.net,crl_expired,MEDIUM,Sep 15 08:01:06 rpki-client: rsync.paas.rpki.ripe.net/repository/ad0eb3cf-9a1b-4112-a607-ae98c2ab12a7/3/FC5EF1F664F6BB0E1AF7BDA53D67E0589B895E1F.mft: CRL has expired
Sep 15 08:01:07,rsync.paas.rpki.ripe.net,crl_expired,MEDIUM,Sep 15 08:01:07 rpki-client: rsync.paas.rpki.ripe.net/repository/bcbbf0bf-a2e0-42a4-8293-711496eb66d2/0/BEEB4B595E9E084649D0ABE5B77B8DFF736D03F3.mft: CRL has expired
Sep 15 08:01:12,rsync.paas.rpki.ripe.net,crl_expired,MEDIUM,Sep 15 08:01:12 rpki-client: rsync.paas.rpki.ripe.net/repository/d08bc49d-0338-4b5f-8204-0004a66105c9/0/5511F6D7DEF4C0FFB6E2B3B3F0C4455DCD14C160.mft: CRL has expired
Sep 15 08:01:17,rsync.paas.rpki.ripe.net,crl_expired,MEDIUM,Sep 15 08:01:17 rpki-client: rsync.paas.rpki.ripe.net/repository/ad0eb3cf-9a1b-4112-a607-ae98c2ab12a7/0/52F4CAA87D081FC25DDF117BE8A9FE990AA120BC.mft: CRL has expired
Sep 15 08:01:17,rsync.paas.rpki.ripe.net,crl_expired,MEDIUM,Sep 15 08:01:17 rpki-client: rsync.paas.rpki.ripe.net/repository/c99265ef-22a9-4100-a23d-51a9d9feeb7d/0/D93EF0701E8CA6ED0A0E6D46A38B8D8CF3091285.mft: CRL has expired
Sep 15 08:01:21,rsync.paas.rpki.ripe.net,crl_expired,MEDIUM,Sep 15 08:01:21 rpki-client: rsync.paas.rpki.ripe.net/repository/4bfa7a9f-28d3-45b0-a839-a57519ecaeae/0/C3F4E167A6B1633379B9981D8A565B7AFB81DC90.mft: CRL has expired
Sep 15 08:01:22,rsync.paas.rpki.ripe.net,crl_expired,MEDIUM,Sep 15 08:01:22 rpki-client: rsync.paas.rpki.ripe.net/repository/378e5eb0-c019-4ff5-b260-4e1638121055/0/E9B75912FCA789B86CCEA3B1E09F1B5BFA84B503.mft: CRL has expired
Sep 15 08:01:22,rsync.paas.rpki.ripe.net,crl_expired,MEDIUM,Sep 15 08:01:22 rpki-client: rsync.paas.rpki.ripe.net/repository/137bbed0-a12b-417b-a973-567f41a320d1/0/6F8A258586E22F8D1942882B7F8B9C2CE885D805.mft: CRL has expired
Sep 15 08:02:00,rsync.paas.rpki.ripe.net,crl_expired,MEDIUM,Sep 15 08:02:00 rpki-client: rsync.paas.rpki.ripe.net/repository/65eae745-8ac9-4e71-bc94-fcb261703f96/1/8BAD307CD4DF11014E40EDDFFFD60F9A09E6E95C.mft: CRL has expired
Sep 15 08:02:00,rpki-01.pdxnet.uk,crl_expired,MEDIUM,Sep 15 08:02:00 rpki-client: rpki-01.pdxnet.uk/repo/paradoxnetworks/8/F6386FABEA39210B665A6A55AE5DA66BE6741597.mft: CRL has expired
Sep 15 08:02:00,rsync.paas.rpki.ripe.net,crl_expired,MEDIUM,Sep 15 08:02:00 rpki-client: rsync.paas.rpki.ripe.net/repository/3253d973-d5bf-4541-bcc1-276543a25c7d/2/CDC014669D381152AFB94B76936268BFF73E7D50.mft: CRL has expired
Sep 15 08:02:00,rpki.qs.nu,crl_expired,MEDIUM,Sep 15 08:02:00 rpki-client: rpki.qs.nu/repo/cyntest/2/FF0595CB477C33B6B94C7E477213C842A6067D6B.mft: CRL has expired
Sep 15 08:02:00,rsync.paas.rpki.ripe.net,crl_expired,MEDIUM,Sep 15 08:02:00 rpki-client: rsync.paas.rpki.ripe.net/repository/8d5cd14e-5f63-4f1c-94e3-27050c266480/1/52285B8754F215EBEAB614DEB86E66DA3B37320C.mft: CRL has expired
Sep 15 08:02:00,rsync.paas.rpki.ripe.net,crl_expired,MEDIUM,Sep 15 08:02:00 rpki-client: rsync.paas.rpki.ripe.net/repository/02aed0a4-3e76-4830-bbb4-1cbc204352b3/0/5BE6F0781C3A7A74F993C53DC07FC424ED911592.mft: CRL has expired
Sep 15 08:02:06,rsync.paas.rpki.ripe.net,crl_expired,MEDIUM,Sep 15 08:02:06 rpki-client: rsync.paas.rpki.ripe.net/repository/491a43bc-76ec-4abe-ba7d-e73e90d662cb/5/7C4E2571D39535EB83B4BDD4E4668A2D2C177631.mft: CRL has expired
Sep 15 08:02:06,rsync.paas.rpki.ripe.net,crl_expired,MEDIUM,Sep 15 08:02:06 rpki-client: rsync.paas.rpki.ripe.net/repository/16c2751b-f9a5-4e9e-a4b8-658310ce4ad3/1/82DFDBC2299142D57F36C3896EE6073C080234FF.mft: CRL has expired
Sep 15 08:02:08,rpki-01.pdxnet.uk,crl_expired,MEDIUM,Sep 15 08:02:08 rpki-client: rpki-01.pdxnet.uk/repo/paradoxnetworks/9/46EF3896348D5F15EAE53B1980903A18328E4126.mft: CRL has expired
Sep 15 08:07:51,repodepot.wildtky.com,crl_expired,MEDIUM,Sep 15 08:07:51 rpki-client: repodepot.wildtky.com/repo/TkyCA-Aug2025/0/0B6ED7CB025EBCB8EF80249C0945D3B411B12961.mft: CRL has expired
Sep 15 08:07:51,rpki-rps.arin.net,crl_expired,MEDIUM,Sep 15 08:07:51 rpki-client: rpki-rps.arin.net/repository/8a848adf89e02e8b018ab95d1cec7a41/0/540B536AC1A2BB8FD1201662B430485BDE4FA6D0.mft: CRL has expired
Sep 15 08:07:52,rpki-rps.arin.net,crl_expired,MEDIUM,Sep 15 08:07:52 rpki-client: rpki-rps.arin.net/repository/8a848adf7f518c5d017f949e0c8c42f5/0/7DF55DC7DAC41CA7453595CB9A79AB7FE6C83531.mft: CRL has expired
Sep 15 08:07:52,rpki-rps.arin.net,crl_expired,MEDIUM,Sep 15 08:07:52 rpki-client: rpki-rps.arin.net/repository/8a848ade7fb71aa9017fdd9c5dd324c7/0/EB1DD8AA3E2B6864E06379C751DBFFFCC6418350.mft: CRL has expired
Sep 15 08:07:52,rpki-01.pdxnet.uk,crl_expired,MEDIUM,Sep 15 08:07:52 rpki-client: rpki-01.pdxnet.uk/repo/paradoxnetworks/4/2629243C9E8DA7B14D0ABD25660A74AC4081C88B.mft: CRL has expired
Sep 15 08:07:52,rpki-rps.arin.net,crl_expired,MEDIUM,Sep 15 08:07:52 rpki-client: rpki-rps.arin.net/repository/8a848adf850d063e01856ba3bdd43d3c/1/73A8BD732D93790878D7033EC4558AFD0D11F932.mft: CRL has expired
Sep 15 08:07:55,rpki.tools.westconnect.ca,crl_expired,MEDIUM,Sep 15 08:07:55 rpki-client: rpki.tools.westconnect.ca/repo/WestConnect-Pub/0/86A99076610E7C08AEDDCE8767AA5DC4528C4908.mft: CRL has expired
Sep 15 08:07:55,rpki-rps.arin.net,crl_expired,MEDIUM,Sep 15 08:07:55 rpki-client: rpki-rps.arin.net/repository/8a848ade8baa579c018c63046aa94533/0/A2110BBC490FA9C5E85F6218D333DCDC5E34811D.mft: CRL has expired
Sep 15 08:07:56,rpki-rps.arin.net,crl_expired,MEDIUM,Sep 15 08:07:56 rpki-client: rpki-rps.arin.net/repository/8a848adf850d063e01856ba3bdd43d3c/0/FB251CC7AAB29D28F17756B88E15DC43DC5ACF09.mft: CRL has expired
Sep 15 08:07:56,rpki-rps.arin.net,crl_expired,MEDIUM,Sep 15 08:07:56 rpki-client: rpki-rps.arin.net/repository/8a848ade91fb43b4019288462c3804e6/0/389874291F32B753C52179673ADD5AD10FCB863D.mft: CRL has expired
Sep 15 08:07:56,rpki-rps.arin.net,crl_expired,MEDIUM,Sep 15 08:07:56 rpki-client: rpki-rps.arin.net/repository/8a848adf7fb722e9017ffead9f534ac5/0/BFA2750976CA07F56A68976B0F01EB862F17C3B3.mft: CRL has expired
Sep 15 08:08:02,rpki-01.pdxnet.uk,crl_expired,MEDIUM,Sep 15 08:08:02 rpki-client: rpki-01.pdxnet.uk/repo/paradoxnetworks/5/5A96B8985A8E62FB1094248D3B5B4A3BB24369EC.mft: CRL has expired
Sep 15 08:08:02,rpki-01.pdxnet.uk,crl_expired,MEDIUM,Sep 15 08:08:02 rpki-client: rpki-01.pdxnet.uk/repo/paradoxnetworks/7/716ED138312A679CA1B1F88B3EF7301163F16356.mft: CRL has expired
Sep 15 08:01:41,oto.wakuwaku.ne.jp,manifest_unavailable,MEDIUM,Sep 15 08:01:41 rpki-client: oto.wakuwaku.ne.jp/pki/simple/0/398357E569F1D4C03D26A7636E00D36AB796A703.mft: no valid manifest available
Sep 15 08:01:43,rsync.paas.rpki.ripe.net,manifest_unavailable,MEDIUM,Sep 15 08:01:43 rpki-client: rsync.paas.rpki.ripe.net/repository/240ce547-40ef-4f04-95be-088f3bc02503/0/10DAC6AAF940C7C5FF1B83ECA3526D46BA475093.mft: no valid manifest available
Sep 15 08:01:44,rsync.paas.rpki.ripe.net,manifest_unavailable,MEDIUM,Sep 15 08:01:44 rpki-client: rsync.paas.rpki.ripe.net/repository/09f71023-9049-4ecb-a8a5-7f08d8ead676/0/5F01AE1836D7DA777EBB90A1EA97D37C300118E8.mft: no valid manifest available
Sep 15 08:01:50,rsync.paas.rpki.ripe.net,manifest_unavailable,MEDIUM,Sep 15 08:01:50 rpki-client: rsync.paas.rpki.ripe.net/repository/c58479df-f5b7-4453-92bf-de1f61b3d4b0/0/C3D6B867FF984DC7C5EACCD2DA3F92CF3C677DAB.mft: no valid manifest available
Sep 15 08:02:02,rpki.netiface.net,manifest_unavailable,MEDIUM,Sep 15 08:02:02 rpki-client: rpki.netiface.net/repo/Civilized/0/C5947ECC8683AD0DBCD95A8F332F0CAA13574790.mft: no valid manifest available
Sep 15 08:02:03,rsync.paas.rpki.ripe.net,manifest_unavailable,MEDIUM,Sep 15 08:02:03 rpki-client: rsync.paas.rpki.ripe.net/repository/e92ebc83-d76c-4ae2-84eb-e6bff3d342b1/0/1EA8D23574795B2B5CAB05EE44BA34B5D2FA5E63.mft: no valid manifest available
Sep 15 08:02:08,oto.wakuwaku.ne.jp,manifest_unavailable,MEDIUM,Sep 15 08:02:08 rpki-client: oto.wakuwaku.ne.jp/pki/202400/2/93315FBBDD477E024849BB6F66D8FB94395F6350.mft: no valid manifest available
Sep 15 08:02:23,rsync.paas.rpki.ripe.net,manifest_unavailable,MEDIUM,Sep 15 08:02:23 rpki-client: rsync.paas.rpki.ripe.net/repository/32bfd357-d83b-400a-8c46-4fbd1119f4a3/2/4AFA0771812E6637D8B18A1FF50F41F3498669A9.mft: no valid manifest available
Sep 15 08:02:24,rpki.netiface.net,manifest_unavailable,MEDIUM,Sep 15 08:02:24 rpki-client: rpki.netiface.net/repo/Civilized/0/593E81C92EF98F9130AC43641AAE8022546E9F4A.mft: no valid manifest available
Sep 15 08:02:35,rpki.0i1.eu,manifest_unavailable,MEDIUM,Sep 15 08:02:35 rpki-client: rpki.0i1.eu/repo/h45/0/7C5CDC3FD51653B5120B4EBEDD2FA382240A5868.mft: no valid manifest available
Sep 15 08:02:40,rsync.paas.rpki.ripe.net,manifest_unavailable,MEDIUM,Sep 15 08:02:40 rpki-client: rsync.paas.rpki.ripe.net/repository/32bfd357-d83b-400a-8c46-4fbd1119f4a3/2/C5557C97D7BBFF47CA22AD5FB9F0589FAAF159BD.mft: no valid manifest available
Sep 15 08:02:40,rpki-rps.arin.net,manifest_unavailable,MEDIUM,Sep 15 08:02:40 rpki-client: rpki-rps.arin.net/repository/8a848adf8f0b806c018fa5136e29184a/1/2AAC42AB07A1BF97E63560510DCB7B28CE11B9EC.mft: no valid manifest available
Sep 15 08:02:40,rpki.leitecastro.com,manifest_unavailable,MEDIUM,Sep 15 08:02:40 rpki-client: rpki.leitecastro.com/repo/CASTRO-INTERNET/1/A1564CCE2E9C7324D318FCB4A08A00BB09F3B469.mft: no valid manifest available
Sep 15 08:02:40,rpki.leitecastro.com,manifest_unavailable,MEDIUM,Sep 15 08:02:40 rpki-client: rpki.leitecastro.com/repo/CASTRO-INTERNET/0/BC5BDB97E9476F50638158886D4D97026A5B7AA6.mft: no valid manifest available
Sep 15 08:05:41,rsync.paas.rpki.ripe.net,manifest_unavailable,MEDIUM,Sep 15 08:05:41 rpki-client: rsync.paas.rpki.ripe.net/repository/5632dc04-68db-4791-87de-0683e3c28646/6/5C449CF3CC3DDC70B224537B8DCEEC1E3563ACE4.mft: no valid manifest available
Sep 15 08:05:43,rsync.paas.rpki.ripe.net,manifest_unavailable,MEDIUM,Sep 15 08:05:43 rpki-client: rsync.paas.rpki.ripe.net/repository/f765635d-31b9-4421-97fa-f056eb141a16/6/7ED6D46A92380955B1E440D489772C74592006C8.mft: no valid manifest available
Sep 15 08:05:45,rsync.paas.rpki.ripe.net,manifest_unavailable,MEDIUM,Sep 15 08:05:45 rpki-client: rsync.paas.rpki.ripe.net/repository/f765635d-31b9-4421-97fa-f056eb141a16/6/EB28E9680B83512793C6973868B923D758D0D8A9.mft: no valid manifest available
Sep 15 08:05:48,rsync.paas.rpki.ripe.net,manifest_unavailable,MEDIUM,Sep 15 08:05:48 rpki-client: rsync.paas.rpki.ripe.net/repository/5632dc04-68db-4791-87de-0683e3c28646/5/A7B843EC30FEA310A38C314F45D38E00BAB9B180.mft: no valid manifest available
Sep 15 08:05:48,rsync.paas.rpki.ripe.net,manifest_unavailable,MEDIUM,Sep 15 08:05:48 rpki-client: rsync.paas.rpki.ripe.net/repository/f765635d-31b9-4421-97fa-f056eb141a16/5/D6F81145ED8982DB07845B74C04ED0CA8CFAF26A.mft: no valid manifest available
Sep 15 08:05:49,rsync.paas.rpki.ripe.net,manifest_unavailable,MEDIUM,Sep 15 08:05:49 rpki-client: rsync.paas.rpki.ripe.net/repository/f765635d-31b9-4421-97fa-f056eb141a16/5/D84DB8E71BA79F856C5E059726BA62950F343CCE.mft: no valid manifest available
Sep 15 08:06:25,krill.rpki-measurement.site,manifest_unavailable,MEDIUM,Sep 15 08:06:25 rpki-client: krill.rpki-measurement.site/repo/measurements/1/49776F25BA047DAE0837698DFC0C1C9689EE4FAA.mft: no valid manifest available
Sep 15 08:06:42,rpki-repo.registro.br,manifest_unavailable,MEDIUM,Sep 15 08:06:42 rpki-client: rpki-repo.registro.br/repo/Neq8rdsF2CAou3hZD6qLzQ3aK4iNfw3sqKkm8F2w4Td/0/E25A82376A73E59B60104D90BCE9E4246EC8B146.mft: no valid manifest available
Sep 15 07:55:41,rsync.paas.rpki.ripe.net,manifest_unavailable,MEDIUM,Sep 15 07:55:41 rpki-client: rsync.paas.rpki.ripe.net/repository/f765635d-31b9-4421-97fa-f056eb141a16/5/D84DB8E71BA79F856C5E059726BA62950F343CCE.mft: no valid manifest available
Sep 15 07:55:41,rsync.paas.rpki.ripe.net,manifest_unavailable,MEDIUM,Sep 15 07:55:41 rpki-client: rsync.paas.rpki.ripe.net/repository/5632dc04-68db-4791-87de-0683e3c28646/5/A7B843EC30FEA310A38C314F45D38E00BAB9B180.mft: no valid manifest available
Sep 15 07:55:41,rsync.paas.rpki.ripe.net,manifest_unavailable,MEDIUM,Sep 15 07:55:41 rpki-client: rsync.paas.rpki.ripe.net/repository/f765635d-31b9-4421-97fa-f056eb141a16/5/D6F81145ED8982DB07845B74C04ED0CA8CFAF26A.mft: no valid manifest available
Sep 15 07:55:41,rsync.paas.rpki.ripe.net,manifest_unavailable,MEDIUM,Sep 15 07:55:41 rpki-client: rsync.paas.rpki.ripe.net/repository/f765635d-31b9-4421-97fa-f056eb141a16/6/EB28E9680B83512793C6973868B923D758D0D8A9.mft: no valid manifest available
Sep 15 07:55:41,rsync.paas.rpki.ripe.net,manifest_unavailable,MEDIUM,Sep 15 07:55:41 rpki-client: rsync.paas.rpki.ripe.net/repository/5632dc04-68db-4791-87de-0683e3c28646/6/5C449CF3CC3DDC70B224537B8DCEEC1E3563ACE4.mft: no valid manifest available
Sep 15 07:55:41,rsync.paas.rpki.ripe.net,manifest_unavailable,MEDIUM,Sep 15 07:55:41 rpki-client: rsync.paas.rpki.ripe.net/repository/f765635d-31b9-4421-97fa-f056eb141a16/6/7ED6D46A92380955B1E440D489772C74592006C8.mft: no valid manifest available
Sep 15 07:55:42,rsync.rpki.tianhai.link,manifest_unavailable,MEDIUM,Sep 15 07:55:42 rpki-client: rsync.rpki.tianhai.link/repo/TianhaiRpki/3/459D2B834A3BA08C0AA67C6E578146A8B1FE2C2F.mft: no valid manifest available
Sep 15 07:55:45,rpki.admin.freerangecloud.com,manifest_unavailable,MEDIUM,Sep 15 07:55:45 rpki-client: rpki.admin.freerangecloud.com/repo/FRC-CA/2/5D35939557110CC43429AE301F7CEF0E5889942B.mft: no valid manifest available
Sep 15 07:56:09,krill.rpki-measurement.site,manifest_unavailable,MEDIUM,Sep 15 07:56:09 rpki-client: krill.rpki-measurement.site/repo/measurements/1/49776F25BA047DAE0837698DFC0C1C9689EE4FAA.mft: no valid manifest available
Sep 15 07:59:44,rpki-repo.registro.br,manifest_unavailable,MEDIUM,Sep 15 07:59:44 rpki-client: rpki-repo.registro.br/repo/Neq8rdsF2CAou3hZD6qLzQ3aK4iNfw3sqKkm8F2w4Td/0/E25A82376A73E59B60104D90BCE9E4246EC8B146.mft: no valid manifest available
Sep 15 08:00:30,rpki.netiface.net,manifest_unavailable,MEDIUM,Sep 15 08:00:30 rpki-client: rpki.netiface.net/repo/Civilized/0/593E81C92EF98F9130AC43641AAE8022546E9F4A.mft: no valid manifest available
Sep 15 08:00:31,rsync.paas.rpki.ripe.net,manifest_unavailable,MEDIUM,Sep 15 08:00:31 rpki-client: rsync.paas.rpki.ripe.net/repository/e92ebc83-d76c-4ae2-84eb-e6bff3d342b1/0/1EA8D23574795B2B5CAB05EE44BA34B5D2FA5E63.mft: no valid manifest available
Sep 15 08:00:34,rpki.0i1.eu,manifest_unavailable,MEDIUM,Sep 15 08:00:34 rpki-client: rpki.0i1.eu/repo/h45/0/7C5CDC3FD51653B5120B4EBEDD2FA382240A5868.mft: no valid manifest available
Sep 15 08:00:35,rpki.athene-center.net,manifest_unavailable,MEDIUM,Sep 15 08:00:35 rpki-client: rpki.athene-center.net/repo/rpki-athene-center/0/EE092D6ECB52BC99A39FA6677AFBEE9E41BAE0D9.mft: no valid manifest available
Sep 15 08:00:36,rpki.zappiehost.com,manifest_unavailable,MEDIUM,Sep 15 08:00:36 rpki-client: rpki.zappiehost.com/repo/TERITUM_UID_18858/1/91EFE7B33A66C7FDBB711F76D87E9353E530425B.mft: no valid manifest available
Sep 15 08:00:37,rpki-rsync.warpnet.xyz,manifest_unavailable,MEDIUM,Sep 15 08:00:37 rpki-client: rpki-rsync.warpnet.xyz/repo/warpnet/0/B4B74ED94183CC06A35C95C5B7096B7C0EF04944.mft: no valid manifest available
Sep 15 08:00:38,rpki.netiface.net,manifest_unavailable,MEDIUM,Sep 15 08:00:38 rpki-client: rpki.netiface.net/repo/Civilized/0/C5947ECC8683AD0DBCD95A8F332F0CAA13574790.mft: no valid manifest available
Sep 15 08:00:41,krill.signalx.cloud,manifest_unavailable,MEDIUM,Sep 15 08:00:41 rpki-client: krill.signalx.cloud/repo/signalx-rpki/4/02B5CF163150ADD82E90362AE55F3173D9749F05.mft: no valid manifest available
Sep 15 08:00:46,rsync.rpki.tianhai.link,manifest_unavailable,MEDIUM,Sep 15 08:00:46 rpki-client: rsync.rpki.tianhai.link/repo/TianhaiRpki/0/3CDEC27384AADE5CA0809FD6F16D2BCA18BEB659.mft: no valid manifest available
Sep 15 08:00:47,rsync.paas.rpki.ripe.net,manifest_unavailable,MEDIUM,Sep 15 08:00:47 rpki-client: rsync.paas.rpki.ripe.net/repository/09f71023-9049-4ecb-a8a5-7f08d8ead676/0/5F01AE1836D7DA777EBB90A1EA97D37C300118E8.mft: no valid manifest available
Sep 15 08:00:47,rsync.rpki.tianhai.link,manifest_unavailable,MEDIUM,Sep 15 08:00:47 rpki-client: rsync.rpki.tianhai.link/repo/TianhaiRpki/1/911E180145E68F7315DA3AB2200D186671FFE75B.mft: no valid manifest available
Sep 15 08:00:50,rsync.paas.rpki.ripe.net,manifest_unavailable,MEDIUM,Sep 15 08:00:50 rpki-client: rsync.paas.rpki.ripe.net/repository/32bfd357-d83b-400a-8c46-4fbd1119f4a3/2/4AFA0771812E6637D8B18A1FF50F41F3498669A9.mft: no valid manifest available
Sep 15 08:00:51,krill.signalx.cloud,manifest_unavailable,MEDIUM,Sep 15 08:00:51 rpki-client: krill.signalx.cloud/repo/signalx-rpki/6/88332C8750CC71629E694FDDB3615AE083589921.mft: no valid manifest available
Sep 15 08:00:55,rsync.rpki.tianhai.link,manifest_unavailable,MEDIUM,Sep 15 08:00:55 rpki-client: rsync.rpki.tianhai.link/repo/TianhaiRpki/2/3E32DA3B9DC955F96CF1BF58C5748B7B80FCB798.mft: no valid manifest available
Sep 15 08:00:55,rsync.paas.rpki.ripe.net,manifest_unavailable,MEDIUM,Sep 15 08:00:55 rpki-client: rsync.paas.rpki.ripe.net/repository/c58479df-f5b7-4453-92bf-de1f61b3d4b0/0/C3D6B867FF984DC7C5EACCD2DA3F92CF3C677DAB.mft: no valid manifest available
Sep 15 08:00:57,rsync.paas.rpki.ripe.net,manifest_unavailable,MEDIUM,Sep 15 08:00:57 rpki-client: rsync.paas.rpki.ripe.net/repository/240ce547-40ef-4f04-95be-088f3bc02503/0/10DAC6AAF940C7C5FF1B83ECA3526D46BA475093.mft: no valid manifest available
Sep 15 08:00:59,rsync.paas.rpki.ripe.net,manifest_unavailable,MEDIUM,Sep 15 08:00:59 rpki-client: rsync.paas.rpki.ripe.net/repository/32bfd357-d83b-400a-8c46-4fbd1119f4a3/2/C5557C97D7BBFF47CA22AD5FB9F0589FAAF159BD.mft: no valid manifest available
Sep 15 08:01:02,oto.wakuwaku.ne.jp,manifest_unavailable,MEDIUM,Sep 15 08:01:02 rpki-client: oto.wakuwaku.ne.jp/pki/simple/0/398357E569F1D4C03D26A7636E00D36AB796A703.mft: no valid manifest available
Sep 15 08:01:03,oto.wakuwaku.ne.jp,manifest_unavailable,MEDIUM,Sep 15 08:01:03 rpki-client: oto.wakuwaku.ne.jp/pki/202400/2/93315FBBDD477E024849BB6F66D8FB94395F6350.mft: no valid manifest available
Sep 15 08:01:17,rpki.admin.freerangecloud.com,manifest_unavailable,MEDIUM,Sep 15 08:01:17 rpki-client: rpki.admin.freerangecloud.com/repo/FRC-CA/5/7EA5316DBDAC01CD05D0EAA05A89C04DA3E7398F.mft: no valid manifest available
Sep 15 08:01:18,repo.rpki.space,manifest_unavailable,MEDIUM,Sep 15 08:01:18 rpki-client: repo.rpki.space/repo/Pfcloud/1/28D23EC5E787AAAE052A8773FD9DFEC5B1FBC3A2.mft: no valid manifest available
Sep 15 08:01:18,repo.rpki.space,manifest_unavailable,MEDIUM,Sep 15 08:01:18 rpki-client: repo.rpki.space/repo/Infiniroute/1/5B8E21C6890BD79AB764D91B60C39C3B7E4985E1.mft: no valid manifest available
Sep 15 08:01:18,repo.rpki.space,manifest_unavailable,MEDIUM,Sep 15 08:01:18 rpki-client: repo.rpki.space/repo/Infiniroute/2/6DCA9DDA0262FADDF34A1B5C19C01825F36B0DE4.mft: no valid manifest available
Sep 15 08:01:18,repo.rpki.space,manifest_unavailable,MEDIUM,Sep 15 08:01:18 rpki-client: repo.rpki.space/repo/Netiface/3/A640AA61F1D62B9C940459804AE11BE99AD43842.mft: no valid manifest available
Sep 15 08:01:26,krill.ca-bc-01.ssmidge.xyz,manifest_unavailable,MEDIUM,Sep 15 08:01:26 rpki-client: krill.ca-bc-01.ssmidge.xyz/repo/SsmidgeLLC/5/CBE297A17EE04D76DA67AFE168009CB774BDDE45.mft: no valid manifest available
Sep 15 08:01:30,rpki.leitecastro.com,manifest_unavailable,MEDIUM,Sep 15 08:01:30 rpki-client: rpki.leitecastro.com/repo/CASTRO-INTERNET/0/BC5BDB97E9476F50638158886D4D97026A5B7AA6.mft: no valid manifest available
Sep 15 08:02:00,rpki.zappiehost.com,manifest_unavailable,MEDIUM,Sep 15 08:02:00 rpki-client: rpki.zappiehost.com/repo/TERITUM_UID_18858/2/39AEFE2BA3F5A831FA397B7789C10D57E5D8BAD5.mft: no valid manifest available
Sep 15 08:02:00,krill.signalx.cloud,manifest_unavailable,MEDIUM,Sep 15 08:02:00 rpki-client: krill.signalx.cloud/repo/signalx-rpki/3/8770188F7F0D18A86637EF0EE75EE2B70D810A7C.mft: no valid manifest available
Sep 15 08:02:03,krill.rg.net,manifest_unavailable,MEDIUM,Sep 15 08:02:03 rpki-client: krill.rg.net/repo/rpki-beacons-ca/0/656E4422ABF129649200EB019A815F2B12236E92.mft: no valid manifest available
Sep 15 08:05:41,krill.ca-bc-01.ssmidge.xyz,manifest_unavailable,MEDIUM,Sep 15 08:05:41 rpki-client: krill.ca-bc-01.ssmidge.xyz/repo/SsmidgeLLC/4/7014A80340764DCFEEC196466A7A4EB1A76C9469.mft: no valid manifest available
Sep 15 08:05:47,rpki.fengrui.link,manifest_unavailable,MEDIUM,Sep 15 08:05:47 rpki-client: rpki.fengrui.link/repo/CowGrassland/0/B7CB5B0421020EB641294ABAA8F3FB43C3A05473.mft: no valid manifest available
Sep 15 08:05:47,rpki.fengrui.link,manifest_unavailable,MEDIUM,Sep 15 08:05:47 rpki-client: rpki.fengrui.link/repo/CowGrassland/1/FFB9FAC4BDB43B678D9F44B25872940C64AF76B8.mft: no valid manifest available
Sep 15 08:07:51,krill.ca-bc-01.ssmidge.xyz,manifest_unavailable,MEDIUM,Sep 15 08:07:51 rpki-client: krill.ca-bc-01.ssmidge.xyz/repo/AS199177/1/ABC3F3F257AB62A5C3E4FFB5FC64C5D2DF7EAD40.mft: no valid manifest available
Sep 15 08:07:52,rpki.admin.freerangecloud.com,manifest_unavailable,MEDIUM,Sep 15 08:07:52 rpki-client: rpki.admin.freerangecloud.com/repo/FRC-CA/7/FA048AF3EA62E5575B4698C5CC2403982893F0C5.mft: no valid manifest available
Sep 15 08:07:52,rpki-rps.arin.net,manifest_unavailable,MEDIUM,Sep 15 08:07:52 rpki-client: rpki-rps.arin.net/repository/8a848adf8f0b806c018fa5136e29184a/1/2AAC42AB07A1BF97E63560510DCB7B28CE11B9EC.mft: no valid manifest available
Sep 15 08:07:55,rpki.admin.freerangecloud.com,manifest_unavailable,MEDIUM,Sep 15 08:07:55 rpki-client: rpki.admin.freerangecloud.com/repo/FRC-CA/0/C8935FDCA5028AE8209FEC82AD8AE8CFB7C6E776.mft: no valid manifest available
Sep 15 08:07:56,rpki.admin.freerangecloud.com,manifest_unavailable,MEDIUM,Sep 15 08:07:56 rpki-client: rpki.admin.freerangecloud.com/repo/FRC-CA/3/A0DF8EB28D12F9CDF7A68B3DC7A56576748B2E54.mft: no valid manifest available
Sep 15 08:07:56,rpki.sailx.co,manifest_unavailable,MEDIUM,Sep 15 08:07:56 rpki-client: rpki.sailx.co/repo/Sail-Internet-Inc/0/DFC5509768EA587E638D20680032E0FF122BD25A.mft: no valid manifest available
Sep 15 08:07:56,rpki.admin.freerangecloud.com,manifest_unavailable,MEDIUM,Sep 15 08:07:56 rpki-client: rpki.admin.freerangecloud.com/repo/FRC-CA/6/75E8A027E92C15B9414A59AC096BD4634B906914.mft: no valid manifest available
Sep 15 08:07:56,repo.rpki.space,manifest_unavailable,MEDIUM,Sep 15 08:07:56 rpki-client: repo.rpki.space/repo/Netiface/1/FBF78E5DA5B5D6AD4E2F932634206B133CCBFD25.mft: no valid manifest available
Sep 15 08:07:56,rpki.leitecastro.com,manifest_unavailable,MEDIUM,Sep 15 08:07:56 rpki-client: rpki.leitecastro.com/repo/CASTRO-INTERNET/1/A1564CCE2E9C7324D318FCB4A08A00BB09F3B469.mft: no valid manifest available
Sep 15 08:08:02,krill.ca-bc-01.ssmidge.xyz,manifest_unavailable,MEDIUM,Sep 15 08:08:02 rpki-client: krill.ca-bc-01.ssmidge.xyz/repo/SsmidgeLLC/3/5344A7147C3BDF128B91CB0E4B659E3DA3046121.mft: no valid manifest available
Sep 15 08:08:02,krill.ca-bc-01.ssmidge.xyz,manifest_unavailable,MEDIUM,Sep 15 08:08:02 rpki-client: krill.ca-bc-01.ssmidge.xyz/repo/SsmidgeLLC/2/EEF3EC40152A747D52835AE8973E7DC8C193A840.mft: no valid manifest available
Sep 15 08:01:55,rsync.paas.rpki.ripe.net,seqnum_gap,MEDIUM,Sep 15 08:01:55 rpki-client: .rrdp/7FCA1FB9413F98018210E7533C4C3C6B231599C6B44A6F85730392A79818A2EA/rsync.paas.rpki.ripe.net/repository/9c5ce9fa-9a6f-4e0c-9809-7a4788744893/0/7051B4C2F7AE9EF80B53000B32AB8F5D2F2F415B.mft: seqnum gap detected #0478 -> #047B
Sep 15 08:02:09,rsync.paas.rpki.ripe.net,seqnum_gap,MEDIUM,Sep 15 08:02:09 rpki-client: .rrdp/7FCA1FB9413F98018210E7533C4C3C6B231599C6B44A6F85730392A79818A2EA/rsync.paas.rpki.ripe.net/repository/c409d7b2-ee64-49f1-ad81-8e4a107d62e0/0/88C14EC02ADBF083138EDDD47871176DDEB93D9D.mft: seqnum gap detected #028E -> #0290
Sep 15 08:02:17,rpki.ripe.net,seqnum_gap,MEDIUM,Sep 15 08:02:17 rpki-client: .rrdp/21D6592469DBE79FEB2922562764FD193170F173229298B9A4443FFB5C282000/rpki.ripe.net/repository/DEFAULT/8e/f43b1d-9e50-4551-ae6a-17b9de141252/1/xmJm9Gb7JJijlFmzNS2iUVGlpMA.mft: seqnum gap detected #07BF -> #07C1
Sep 15 08:02:22,rpki.ripe.net,seqnum_gap,MEDIUM,Sep 15 08:02:22 rpki-client: .rrdp/21D6592469DBE79FEB2922562764FD193170F173229298B9A4443FFB5C282000/rpki.ripe.net/repository/DEFAULT/66/4b18fb-d3ed-4b27-9bd0-e5839f43e583/1/faXTLVsJyTwbXj_Foqog10b8_tE.mft: seqnum gap detected #0E0F -> #0E11
Sep 15 08:02:40,chloe.sobornost.net,seqnum_gap,MEDIUM,Sep 15 08:02:40 rpki-client: .rrdp/436FC6BD7B32853E42FCE5FD95B31D5E3EC1C32C46B7518C2067D568E7EAC119/chloe.sobornost.net/rpki/RIPE-nljobsnijders/yqgF26w2R0m5sRVZCrbvD5cM29g.mft: seqnum gap detected #023653 -> #023655
Sep 15 08:02:44,rpki-rsync.us-east-2.amazonaws.com,seqnum_gap,MEDIUM,Sep 15 08:02:44 rpki-client: .rrdp/AE7E883914AEA910AA26082A41E22569CA16F89824801AC3F94722413AD91697/rpki-rsync.us-east-2.amazonaws.com/volume/16f1ffee-7461-4674-bb05-fddefa9a02c6/JmLOFOkF4Y68t1IvkrNoS8SGW00.mft: seqnum gap detected #01146A -> #01146C
Sep 15 08:02:49,rpki.afrinic.net,seqnum_gap,MEDIUM,Sep 15 08:02:49 rpki-client: .rrdp/2A58FCECAC1BEAAECDB0232275D0A971B146A47C3E64FEF2FA46A24F5F6B1821/rpki.afrinic.net/repository/member_repository/F368F2D0/7F4A98EA6E0511E89C0D6E4BF8AEA228/JdY-COq-fPpnhdTB1tNBFt4Vs9w.mft: seqnum gap detected #D6D5 -> #D6D8
Sep 15 08:02:51,rpki.afrinic.net,seqnum_gap,MEDIUM,Sep 15 08:02:51 rpki-client: .rrdp/2A58FCECAC1BEAAECDB0232275D0A971B146A47C3E64FEF2FA46A24F5F6B1821/rpki.afrinic.net/repository/member_repository/F368F2D0/92F86E1C6E0511E8A1B5854BF8AEA228/eX2I2BPiD_-YLMdBnpabrqa_1ps.mft: seqnum gap detected #C6A3 -> #C6AD
Sep 15 08:05:30,rpki.apnic.net,seqnum_gap,MEDIUM,Sep 15 08:05:30 rpki-client: .rrdp/F7EF354526A351ADC35929CDBB4916D9B23091DB047D79B72E1608CF8109E1F6/rpki.apnic.net/member_repository/A918EDB2/2A43E30C70E911E2B36D4B6B2979BB20/KW7bZPOvbp2YCTLoFvlZg-OryCM.mft: seqnum gap detected #8B4C -> #8B54
Sep 15 08:06:31,rpki.cnnic.cn,seqnum_gap,MEDIUM,Sep 15 08:06:31 rpki-client: .rrdp/B8F24A9D701C0FA9BC46D97164BAF1C97CC608A7211B021A0CC972EA5BFCD2AC/rpki.cnnic.cn/rpki/A9162E3D0000/3098/0qtsm24WUzTAMtBR1fx9FUfk41M.mft: seqnum gap detected #30B9 -> #30BB
Sep 15 08:06:32,rpki.cnnic.cn,seqnum_gap,MEDIUM,Sep 15 08:06:32 rpki-client: .rrdp/B8F24A9D701C0FA9BC46D97164BAF1C97CC608A7211B021A0CC972EA5BFCD2AC/rpki.cnnic.cn/rpki/A9162E3D0000/1663/iuTPeLSd8LLB0p0y5IqUOuT0Gsw.mft: seqnum gap detected #3566 -> #3568
Sep 15 07:56:17,rpki.afrinic.net,seqnum_gap,MEDIUM,Sep 15 07:56:17 rpki-client: .rsync/rpki.afrinic.net/repository/member_repository/F368F2D0/7F4A98EA6E0511E89C0D6E4BF8AEA228/JdY-COq-fPpnhdTB1tNBFt4Vs9w.mft: seqnum gap detected #D6D7 -> #D6DA
Sep 15 07:56:20,rpki.afrinic.net,seqnum_gap,MEDIUM,Sep 15 07:56:20 rpki-client: .rsync/rpki.afrinic.net/repository/member_repository/F368F2D0/92F86E1C6E0511E8A1B5854BF8AEA228/eX2I2BPiD_-YLMdBnpabrqa_1ps.mft: seqnum gap detected #C6A3 -> #C6AF
Sep 15 07:57:26,rpki.cnnic.cn,seqnum_gap,MEDIUM,Sep 15 07:57:26 rpki-client: .rsync/rpki.cnnic.cn/rpki/A9162E3D0000/2358/TAQw41GKWvUbwN9iVn4NFXylI8E.mft: seqnum gap detected #02 -> #04
Sep 15 07:57:57,rpki.apnic.net,seqnum_gap,MEDIUM,Sep 15 07:57:57 rpki-client: .rsync/rpki.apnic.net/member_repository/A918EDB2/2A43E30C70E911E2B36D4B6B2979BB20/KW7bZPOvbp2YCTLoFvlZg-OryCM.mft: seqnum gap detected #8B4C -> #8B54
Sep 15 08:00:37,rpki.ripe.net,seqnum_gap,MEDIUM,Sep 15 08:00:37 rpki-client: .rsync/rpki.ripe.net/repository/DEFAULT/8e/f43b1d-9e50-4551-ae6a-17b9de141252/1/xmJm9Gb7JJijlFmzNS2iUVGlpMA.mft: seqnum gap detected #07BF -> #07C1
Sep 15 08:00:39,chloe.sobornost.net,seqnum_gap,MEDIUM,Sep 15 08:00:39 rpki-client: .rsync/chloe.sobornost.net/rpki/RIPE-nljobsnijders/yqgF26w2R0m5sRVZCrbvD5cM29g.mft: seqnum gap detected #023653 -> #023655
Sep 15 08:00:57,rsync.paas.rpki.ripe.net,seqnum_gap,MEDIUM,Sep 15 08:00:57 rpki-client: .rsync/rsync.paas.rpki.ripe.net/repository/c409d7b2-ee64-49f1-ad81-8e4a107d62e0/0/88C14EC02ADBF083138EDDD47871176DDEB93D9D.mft: seqnum gap detected #028E -> #0290
Sep 15 08:00:58,rsync.paas.rpki.ripe.net,seqnum_gap,MEDIUM,Sep 15 08:00:58 rpki-client: .rsync/rsync.paas.rpki.ripe.net/repository/9c5ce9fa-9a6f-4e0c-9809-7a4788744893/0/7051B4C2F7AE9EF80B53000B32AB8F5D2F2F415B.mft: seqnum gap detected #0478 -> #047B
Sep 15 08:01:04,rpki.ripe.net,seqnum_gap,MEDIUM,Sep 15 08:01:04 rpki-client: .rsync/rpki.ripe.net/repository/DEFAULT/66/4b18fb-d3ed-4b27-9bd0-e5839f43e583/1/faXTLVsJyTwbXj_Foqog10b8_tE.mft: seqnum gap detected #0E0F -> #0E11
Sep 15 08:01:23,ca.rg.net,seqnum_gap,MEDIUM,Sep 15 08:01:23 rpki-client: .rsync/ca.rg.net/rpki/RGnet-OU/bW-_qXU9uNhGQz21NR2ansB8lr0.mft: seqnum gap detected #014934 -> #014936
Sep 15 08:07:52,rpki-rsync.us-east-2.amazonaws.com,seqnum_gap,MEDIUM,Sep 15 08:07:52 rpki-client: .rsync/rpki-rsync.us-east-2.amazonaws.com/volume/16f1ffee-7461-4674-bb05-fddefa9a02c6/JmLOFOkF4Y68t1IvkrNoS8SGW00.mft: seqnum gap detected #011469 -> #01146B
Sep 15 08:02:58,ca.rg.net,invalid_vcard,LOW,Sep 15 08:02:58 rpki-client: ca.rg.net/rpki/RGnet-OU/laI1_vEYtlNzj-K0SXR_yGpd1TA.gbr: Ghostbusters record with invalid vCard
Sep 15 08:02:00,ca.rg.net,invalid_vcard,LOW,Sep 15 08:02:00 rpki-client: ca.rg.net/rpki/RGnet-OU/laI1_vEYtlNzj-K0SXR_yGpd1TA.gbr: Ghostbusters record with invalid vCard
Sep 15 08:04:50,rpki.afrinic.net,cert_not_yet_valid,HIGH,Sep 15 08:04:50 rpki-client: rpki.afrinic.net/repository/member_repository/F3613254/C9012ADE023411EFA096505F017001B1/9870DA98AD8511EFAF5F92BE762E951A.roa: certificate is not yet valid
Sep 15 08:04:50,rpki.afrinic.net,cert_not_yet_valid,HIGH,Sep 15 08:04:50 rpki-client: rpki.afrinic.net/repository/member_repository/F36C06CB/D8FF6538D4F311ECB3714BD3F1222468/06392D96808111EFACB35A67762E951A.roa: certificate is not yet valid
Sep 15 08:04:51,rpki.afrinic.net,cert_not_yet_valid,HIGH,Sep 15 08:04:51 rpki-client: rpki.afrinic.net/repository/member_repository/F36663C2/B390E9E8C78311ECB1982894F1222468/9F17036CB4E311EFA49155A2762E951A.roa: certificate is not yet valid
Sep 15 08:04:51,rpki.afrinic.net,cert_not_yet_valid,HIGH,Sep 15 08:04:51 rpki-client: rpki.afrinic.net/repository/member_repository/F36663C2/B390E9E8C78311ECB1982894F1222468/DB465DA6B4E311EFA8F972A4762E951A.roa: certificate is not yet valid
Sep 15 08:04:52,rpki.afrinic.net,cert_not_yet_valid,HIGH,Sep 15 08:04:52 rpki-client: rpki.afrinic.net/repository/member_repository/F36B10B8/DA26C5EE0F1711EB96C8FA5CF8AEA228/23D4257A20FB11F0900F649ADAE4EC9C.roa: certificate is not yet valid
Sep 15 08:04:55,rpki.afrinic.net,cert_not_yet_valid,HIGH,Sep 15 08:04:55 rpki-client: rpki.afrinic.net/repository/member_repository/F361610C/90D847F0B49A11EF9D6E0B60762E951A/FAE9132EBEE311EFA8C67594762E951A.roa: certificate is not yet valid
Sep 15 07:56:49,rpki.afrinic.net,cert_not_yet_valid,HIGH,Sep 15 07:56:49 rpki-client: rpki.afrinic.net/repository/member_repository/F361610C/90D847F0B49A11EF9D6E0B60762E951A/FAE9132EBEE311EFA8C67594762E951A.roa: certificate is not yet valid
Sep 15 07:56:50,rpki.afrinic.net,cert_not_yet_valid,HIGH,Sep 15 07:56:50 rpki-client: rpki.afrinic.net/repository/member_repository/F36663C2/B390E9E8C78311ECB1982894F1222468/9F17036CB4E311EFA49155A2762E951A.roa: certificate is not yet valid
Sep 15 07:56:50,rpki.afrinic.net,cert_not_yet_valid,HIGH,Sep 15 07:56:50 rpki-client: rpki.afrinic.net/repository/member_repository/F36663C2/B390E9E8C78311ECB1982894F1222468/DB465DA6B4E311EFA8F972A4762E951A.roa: certificate is not yet valid
Sep 15 07:56:52,rpki.afrinic.net,cert_not_yet_valid,HIGH,Sep 15 07:56:52 rpki-client: rpki.afrinic.net/repository/member_repository/F36B10B8/DA26C5EE0F1711EB96C8FA5CF8AEA228/23D4257A20FB11F0900F649ADAE4EC9C.roa: certificate is not yet valid
Sep 15 07:56:57,rpki.afrinic.net,cert_not_yet_valid,HIGH,Sep 15 07:56:57 rpki-client: rpki.afrinic.net/repository/member_repository/F36C06CB/D8FF6538D4F311ECB3714BD3F1222468/06392D96808111EFACB35A67762E951A.roa: certificate is not yet valid
Sep 15 07:56:57,rpki.afrinic.net,cert_not_yet_valid,HIGH,Sep 15 07:56:57 rpki-client: rpki.afrinic.net/repository/member_repository/F3613254/C9012ADE023411EFA096505F017001B1/9870DA98AD8511EFAF5F92BE762E951A.roa: certificate is not yet valid
Sep 15 08:06:05,krill.rpki-measurement.site,cross_origin_redirect,LOW,Sep 15 08:06:05 rpki-client: https://krill.rpki-measurement.site/rrdp/notification.xml: cross origin redirect to https://mea-64-227-73-210.krill.rpki-measurement.site/rrdp/notification.xml
Sep 15 08:06:05,,unexpected_end_of_file,LOW,Sep 15 08:06:05 openrsync: error: unexpected end of file
Sep 15 07:55:42,,unexpected_end_of_file,LOW,Sep 15 07:55:42 openrsync: error: unexpected end of file
Sep 15 07:55:49,,unexpected_end_of_file,LOW,Sep 15 07:55:49 openrsync: error: unexpected end of file
Sep 15 08:06:45,rpki-repo.registro.br,unexpected_manifest_number,LOW,"Sep 15 08:06:45 rpki-client: .rrdp/198613F16D61D95B77329EB7ACDB3E1F8D1F0EC2B75E9510A7F7EACC7C3EBE19/rpki-repo.registro.br/repo/Ad4k8JMTSkSNXuyGTsY3HsmbexUuVtSHjES57oFhcEWM/0/71D6032DBEB35752D0223DC391ADEDAD0AE3BC5D.mft: unexpected manifest number (want >= #B0, got #AF)"
Sep 15 08:06:46,rpki-repo.registro.br,unexpected_manifest_number,LOW,"Sep 15 08:06:46 rpki-client: .rrdp/198613F16D61D95B77329EB7ACDB3E1F8D1F0EC2B75E9510A7F7EACC7C3EBE19/rpki-repo.registro.br/repo/2goSCtU9KNYjPcGpmm3sZ6sKTQyDzhz67p2tFDUDgJC3/1/B005EA4161E63BC8DBDA011004C07D752C26EEF2.mft: unexpected manifest number (want >= #0269, got #0232)"
Sep 15 08:06:46,rpki-repo.registro.br,unexpected_manifest_number,LOW,"Sep 15 08:06:46 rpki-client: .rrdp/198613F16D61D95B77329EB7ACDB3E1F8D1F0EC2B75E9510A7F7EACC7C3EBE19/rpki-repo.registro.br/repo/3uHre7EwMxLg7NZUe7oHgysCawof2Wo8KsfBN1CU4AVw/1/BE068B06DE5C783A9921447A392452ED53F22837.mft: unexpected manifest number (want >= #0269, got #0231)"
Sep 15 08:06:48,rpki-repo.registro.br,unexpected_manifest_number,LOW,"Sep 15 08:06:48 rpki-client: .rrdp/198613F16D61D95B77329EB7ACDB3E1F8D1F0EC2B75E9510A7F7EACC7C3EBE19/rpki-repo.registro.br/repo/EzgHs6vsfVkoWcTHHznMoxx2sbUwD1cKNJvB7wkz8rkS/0/05BBCA5A86038E045DA98F756A6D1BDDBED83780.mft: unexpected manifest number (want >= #0112, got #F2)"
Sep 15 07:59:41,rpki-repo.registro.br,unexpected_manifest_number,LOW,"Sep 15 07:59:41 rpki-client: .rsync/rpki-repo.registro.br/repo/2goSCtU9KNYjPcGpmm3sZ6sKTQyDzhz67p2tFDUDgJC3/1/B005EA4161E63BC8DBDA011004C07D752C26EEF2.mft: unexpected manifest number (want >= #0269, got #0232)"
Sep 15 07:59:42,rpki-repo.registro.br,unexpected_manifest_number,LOW,"Sep 15 07:59:42 rpki-client: .rsync/rpki-repo.registro.br/repo/3uHre7EwMxLg7NZUe7oHgysCawof2Wo8KsfBN1CU4AVw/1/BE068B06DE5C783A9921447A392452ED53F22837.mft: unexpected manifest number (want >= #0269, got #0231)"
Sep 15 07:59:44,rpki-repo.registro.br,unexpected_manifest_number,LOW,"Sep 15 07:59:44 rpki-client: .rsync/rpki-repo.registro.br/repo/EzgHs6vsfVkoWcTHHznMoxx2sbUwD1cKNJvB7wkz8rkS/0/05BBCA5A86038E045DA98F756A6D1BDDBED83780.mft: unexpected manifest number (want >= #0112, got #F2)"
Sep 15 07:59:44,rpki-repo.registro.br,unexpected_manifest_number,LOW,"Sep 15 07:59:44 rpki-client: .rsync/rpki-repo.registro.br/repo/Ad4k8JMTSkSNXuyGTsY3HsmbexUuVtSHjES57oFhcEWM/0/71D6032DBEB35752D0223DC391ADEDAD0AE3BC5D.mft: unexpected manifest number (want >= #B0, got #AF)"
Sep 15 08:07:06,rpki.cnnic.cn,rfc3779_resource_violation,HIGH,Sep 15 08:07:06 rpki-client: .rrdp/B8F24A9D701C0FA9BC46D97164BAF1C97CC608A7211B021A0CC972EA5BFCD2AC/rpki.cnnic.cn/rpki/A9162E3D0000/3098/x3ZEo-_2ThPPEGz92mXPmZ96TA4.roa: RFC 3779 resource not subset of parent's resources
Sep 15 08:07:06,rpki.cnnic.cn,rfc3779_resource_violation,HIGH,Sep 15 08:07:06 rpki-client: .rrdp/B8F24A9D701C0FA9BC46D97164BAF1C97CC608A7211B021A0CC972EA5BFCD2AC/rpki.cnnic.cn/rpki/A9162E3D0000/3098/gQ6krd19zHeE_n82DKjsaITZsqU.roa: RFC 3779 resource not subset of parent's resources
Sep 15 08:07:08,rpki.cnnic.cn,rfc3779_resource_violation,HIGH,Sep 15 08:07:08 rpki-client: .rrdp/B8F24A9D701C0FA9BC46D97164BAF1C97CC608A7211B021A0CC972EA5BFCD2AC/rpki.cnnic.cn/rpki/A9162E3D0000/1663/wj8zzAmt3c4ftyWA61PkZqACzLk.roa: RFC 3779 resource not subset of parent's resources
Sep 15 08:07:08,rpki.cnnic.cn,rfc3779_resource_violation,HIGH,Sep 15 08:07:08 rpki-client: .rrdp/B8F24A9D701C0FA9BC46D97164BAF1C97CC608A7211B021A0CC972EA5BFCD2AC/rpki.cnnic.cn/rpki/A9162E3D0000/1663/u2Ay2kbg3WgstzAfy0SU4TmQv74.roa: RFC 3779 resource not subset of parent's resources
Sep 15 08:07:08,rpki.cnnic.cn,rfc3779_resource_violation,HIGH,Sep 15 08:07:08 rpki-client: .rrdp/B8F24A9D701C0FA9BC46D97164BAF1C97CC608A7211B021A0CC972EA5BFCD2AC/rpki.cnnic.cn/rpki/A9162E3D0000/1663/ON9EVrUMhnym2-yfTmCjQIB3czo.roa: RFC 3779 resource not subset of parent's resources
Sep 15 08:07:08,rpki.cnnic.cn,rfc3779_resource_violation,HIGH,Sep 15 08:07:08 rpki-client: .rrdp/B8F24A9D701C0FA9BC46D97164BAF1C97CC608A7211B021A0CC972EA5BFCD2AC/rpki.cnnic.cn/rpki/A9162E3D0000/1663/jVcYzb5xDofgvMXgvVt5I7kFEoo.roa: RFC 3779 resource not subset of parent's resources
Sep 15 08:07:08,rpki.cnnic.cn,rfc3779_resource_violation,HIGH,Sep 15 08:07:08 rpki-client: .rrdp/B8F24A9D701C0FA9BC46D97164BAF1C97CC608A7211B021A0CC972EA5BFCD2AC/rpki.cnnic.cn/rpki/A9162E3D0000/1663/jMbQSPiETgbf1AwsvKkTzmGD_Gw.roa: RFC 3779 resource not subset of parent's resources
Sep 15 07:58:26,rpki.cnnic.cn,rfc3779_resource_violation,HIGH,Sep 15 07:58:26 rpki-client: .rsync/rpki.cnnic.cn/rpki/A9162E3D0000/1663/qgfmtqpAdYLKQi92Yx6_SnE_mus.roa: RFC 3779 resource not subset of parent's resources
Sep 15 07:58:26,rpki.cnnic.cn,rfc3779_resource_violation,HIGH,Sep 15 07:58:26 rpki-client: .rsync/rpki.cnnic.cn/rpki/A9162E3D0000/1663/ErFfzVJU68bDEyCQSU3v4kTTvfI.roa: RFC 3779 resource not subset of parent's resources
Sep 15 07:58:26,rpki.cnnic.cn,rfc3779_resource_violation,HIGH,Sep 15 07:58:26 rpki-client: .rsync/rpki.cnnic.cn/rpki/A9162E3D0000/1663/ZCrwzLjwqpHeDSqdDwIFEsjIEW8.roa: RFC 3779 resource not subset of parent's resources
Sep 15 07:58:26,rpki.cnnic.cn,rfc3779_resource_violation,HIGH,Sep 15 07:58:26 rpki-client: .rsync/rpki.cnnic.cn/rpki/A9162E3D0000/1663/zjWsZNpb6EU8BMKEg7s5wOU8E5E.roa: RFC 3779 resource not subset of parent's resources
Sep 15 07:58:26,rpki.cnnic.cn,rfc3779_resource_violation,HIGH,Sep 15 07:58:26 rpki-client: .rsync/rpki.cnnic.cn/rpki/A9162E3D0000/1663/nuitHS7J4lPCvb_ptM9TT0ouCvo.roa: RFC 3779 resource not subset of parent's resources
Sep 15 07:58:26,rpki.cnnic.cn,rfc3779_resource_violation,HIGH,Sep 15 07:58:26 rpki-client: .rsync/rpki.cnnic.cn/rpki/A9162E3D0000/3098/n_RsXctDJEAQ9hsHWot111AW37Y.roa: RFC 3779 resource not subset of parent's resources
Sep 15 07:58:26,rpki.cnnic.cn,rfc3779_resource_violation,HIGH,Sep 15 07:58:26 rpki-client: .rsync/rpki.cnnic.cn/rpki/A9162E3D0000/3098/Iw53-RLtiyryYtJsoQmtUap6S_s.roa: RFC 3779 resource not subset of parent's resources
